Locations,Latitude,Longitude,location_clusters
"United Kingdom,London",51.5073359,-0.12765,124
"United Kingdom,Edinburgh",55.9533456,-3.1883749,245
"United Kingdom,Manchester",53.4794892,-2.2451148,385
"United Kingdom,Birmingham",52.4796992,-1.9026911,124
"United Kingdom,Liverpool",53.4071991,-2.99168,385
"United Kingdom,Glasgow",55.861155,-4.2501687,245
"United Kingdom,Bristol",51.4538022,-2.5972985,124
"United Kingdom,Oxford",51.7520131,-1.2578499,124
"United Kingdom,Cambridge",52.2055314,0.1186637,124
"United Kingdom,York",53.9590555,-1.0815361,385
"France,Paris",48.8534951,2.3483915,305
"France,Marseille",43.2961743,5.3699525,147
"France,Lyon",45.7578137,4.8320114,296
"France,Toulouse",43.6044622,1.4442469,102
"France,Nice",43.7009358,7.2683912,147
"France,Bordeaux",44.841225,-0.5800364,275
"France,Lille",50.6365654,3.0635282,305
"France,Strasbourg",48.584614,7.7507127,161
"France,Nantes",47.2186371,-1.5541362,275
"France,Cannes",43.5515198,7.0134418,147
"Italy,Rome",41.8933203,12.4829321,19
"Italy,Milan",45.4641943,9.1896346,236
"Italy,Venice",45.4371908,12.3345898,200
"Italy,Florence",43.7698712,11.2555757,19
"Italy,Naples",40.8358846,14.2487679,221
"Italy,Turin",45.0677551,7.6824892,147
"Italy,Bologna",44.4938203,11.3426327,19
"Italy,Verona",45.4384958,10.9924122,19
"Italy,Genoa",44.40726,8.9338624,147
"Italy,Palermo",38.1112268,13.3524434,64
"Germany,Berlin",52.5170365,13.3888599,389
"Germany,Munich",48.1371079,11.5753822,115
"Germany,Hamburg",53.550341,10.000654,182
"Germany,Frankfurt",50.1106444,8.6820917,161
"Germany,Cologne",50.938361,6.959974,289
"Germany,Stuttgart",48.7784485,9.1800132,161
"Germany,Düsseldorf",51.2254018,6.7763137,289
"Germany,Leipzig",51.3406321,12.3747329,389
"Germany,Dresden",51.0493286,13.7381437,214
"Germany,Nuremberg",49.453872,11.077298,115
"Spain,Madrid",40.4167047,-3.7035825,341
"Spain,Barcelona",41.3828939,2.1774322,102
"Spain,Valencia",39.4697065,-0.3763353,324
"Spain,Seville",37.3886303,-5.9953403,25
"Spain,Bilbao",43.2630018,-2.9350039,341
"Spain,Malaga",36.7213028,-4.4216366,25
"Spain,Zaragoza",41.6521342,-0.8809428,341
"Spain,Alicante",38.3436365,-0.4881708,324
"Spain,Granada",37.1734995,-3.5995337,25
"Spain,Palma de Mallorca",39.5695818,2.6500745,324
"Netherlands,Amsterdam",52.3730796,4.8924534,42
"Netherlands,Rotterdam",51.9244424,4.47775,42
"Netherlands,The Hague",52.0799838,4.3113461,42
"Netherlands,Utrecht",52.080985600000005,5.12768396945229,42
"Netherlands,Eindhoven",51.4392648,5.478633,289
"Netherlands,Groningen",53.2190652,6.5680077,289
"Netherlands,Maastricht",50.8512438,5.6909768,289
"Netherlands,Haarlem",52.383705750000004,4.643559696559635,42
"Netherlands,Nijmegen",51.842574850000005,5.838960628748229,289
"Netherlands,Tilburg",51.58561845,5.0660616131367675,42
"Portugal,Lisbon",38.7077507,-9.1365919,338
"Portugal,Porto",41.1494512,-8.6107884,101
"Portugal,Faro",37.0162727,-7.9351771,338
"Portugal,Coimbra",40.2111931,-8.4294632,101
"Portugal,Braga",41.5510583,-8.4280045,101
"Portugal,Aveiro",40.640496,-8.6537841,101
"Portugal,Funchal",32.6496497,-16.9086783,167
"Portugal,Évora",38.5707742,-7.9092808,338
"Portugal,Guimarães",41.4417677,-8.2955712,101
"Portugal,Cascais",38.72240025,-9.396909171649877,338
"Switzerland,Zurich",47.3744489,8.5410422,236
"Switzerland,Geneva",46.2017559,6.1466014,296
"Switzerland,Basel",47.5581077,7.5878261,161
"Switzerland,Lausanne",46.5218269,6.6327025,296
"Switzerland,Bern",46.9484742,7.4521749,296
"Switzerland,Lucerne",47.0505452,8.3054682,236
"Switzerland,St. Gallen",47.425618,9.3762397,236
"Switzerland,Lugano",46.0050102,8.9520281,236
"Switzerland,Interlaken",46.6855231,7.8585139,236
"Switzerland,Zermatt",46.0212076,7.749254,236
"Greece,Athens",37.9755648,23.7348324,141
"Greece,Thessaloniki",40.6403167,22.9352716,362
"Greece,Heraklion",35.33908,25.1332843,298
"Greece,Rhodes",36.172529749999995,27.91940163839584,225
"Greece,Santorini",36.4071112,25.456663652707153,298
"Greece,Mykonos",37.45139365,25.39231486780794,298
"Greece,Chania",35.5120831,24.0191544,298
"Greece,Corfu",39.623657,19.9234355,362
"Greece,Nafplio",37.5659229,22.8068782,141
"Greece,Patras",38.246242,21.7350847,141
"Austria,Vienna",48.2083537,16.3725042,332
"Austria,Salzburg",47.7981346,13.0464806,115
"Austria,Innsbruck",47.2654296,11.3927685,115
"Austria,Graz",47.0708678,15.4382786,332
"Austria,Linz",48.3059078,14.286198,332
"Austria,Klagenfurt",46.623943,14.3075976,200
"Austria,Bregenz",47.5025779,9.7472924,236
"Austria,St. Anton am Arlberg",47.1288996,10.2663669,236
"Austria,Hallstatt",47.5621698,13.6486697,115
"Austria,Zell am See",47.3239636,12.7963165,115
"Czech Republic,Prague",50.0874654,14.4212535,214
"Czech Republic,Brno",49.1922443,16.6113382,38
"Czech Republic,Cesky Krumlov",48.805114950000004,14.316197791106362,214
"Czech Republic,Karlovy Vary",50.2306216,12.8701437,214
"Czech Republic,Olomouc",49.5940567,17.251143,38
"Czech Republic,Ostrava",49.8349139,18.2820084,38
"Czech Republic,Pilsen",49.7477415,13.3775249,214
"Czech Republic,Liberec",50.7702648,15.0583947,214
"Czech Republic,Hradec Kralove",50.2092113,15.8327512,214
"Czech Republic,Kutna Hora",49.9486561,15.2681123,214
"Sweden,Stockholm",59.3251172,18.0710935,177
"Sweden,Gothenburg",57.7072326,11.9670171,294
"Sweden,Malmö",55.6052931,13.0001566,57
"Sweden,Uppsala",59.8586126,17.6387436,177
"Sweden,Linköping",58.4098135,15.6245252,387
"Sweden,Västerås",59.6110992,16.5463679,387
"Sweden,Örebro",59.2747287,15.2151181,387
"Sweden,Norrköping",58.5909124,16.1903511,387
"Sweden,Lund",55.7029296,13.1929449,57
"Sweden,Helsingborg",56.0442098,12.703706,57
"Norway,Oslo",59.9133301,10.7389701,294
"Norway,Bergen",60.3943055,5.3259192,293
"Norway,Stavanger",58.9699675,5.7318101,293
"Norway,Trondheim",63.4304475,10.3952118,234
"Norway,Tromsø",69.6516345,18.9558585,136
"Norway,Ålesund",62.76712545,6.168828066313526,293
"Norway,Kristiansand",58.085627599999995,7.93185802875815,106
"Norway,Drammen",59.6964936,10.175641950012762,294
"Norway,Fredrikstad",59.2133614,10.9361604,294
"Norway,Haugesund",59.46824785,5.082761213563481,293
"Ireland,Dublin",53.3493795,-6.2605593,356
"Ireland,Cork",51.897077,-8.4654674,356
"Ireland,Galway",53.2744122,-9.0490601,0
"Ireland,Limerick",52.661252,-8.6301239,356
"Ireland,Killarney",52.059753650000005,-9.508080263729562,356
"Ireland,Kilkenny",52.6510216,-7.2484948,356
"Ireland,Belfast",54.596391,-5.9301829,245
"Ireland,Derry",54.9978678,-7.3213056,0
"Ireland,Waterford",52.2609997,-7.1119081,356
"Ireland,Sligo",54.2720696,-8.4751357,0
"Belgium,Brussels",50.8465573,4.351697,305
"Belgium,Antwerp",51.2211097,4.3997081,305
"Belgium,Bruges",51.2085526,3.226772,305
"Belgium,Ghent",51.0538286,3.7250121,305
"Belgium,Liège",50.6450944,5.5736112,289
"Belgium,Leuven",50.879202,4.7011675,305
"Belgium,Namur",50.4665284,4.8661892,305
"Belgium,Mechelen",51.0281381,4.4803453,305
"Belgium,Mons",50.4549568,3.951958,305
"Belgium,Charleroi",50.4116459,4.4445264,305
"Denmark,Copenhagen",55.6867243,12.5700724,57
"Denmark,Aarhus",56.1496278,10.2134046,182
"Denmark,Odense",55.3997225,10.3852104,182
"Denmark,Aalborg",57.0462626,9.9215263,182
"Denmark,Roskilde",55.6433478,12.0819247,57
"Denmark,Helsingør",56.0348739,12.6130073,57
"Denmark,Vejle",55.7000057,9.5333238,182
"Denmark,Randers",56.4355428,10.0425957,182
"Denmark,Esbjerg",55.4664892,8.4520751,182
"Denmark,Herning",56.1379757,8.9746623,182
"Poland,Warsaw",52.2319581,21.0067249,350
"Poland,Kraków",50.0619474,19.9368564,327
"Poland,Gdańsk",54.3706858,18.61298210330077,255
"Poland,Wrocław",51.1089776,17.0326689,38
"Poland,Poznań",52.4006632,16.91973259178088,214
"Poland,Łódź",51.7687323,19.4569911,38
"Poland,Szczecin",53.4301818,14.5509623,389
"Poland,Lublin",51.250559,22.5701022,350
"Poland,Katowice",50.2598987,19.0215852,38
"Poland,Białystok",53.127505049999996,23.147050870161664,198
"Andorra,Andorra la Vella",42.5069391,1.5212467,102
"Andorra,Encamp",42.5359781,1.5836753,102
"Andorra,La Massana",42.5442014,1.5163754,102
"Andorra,Canillo",42.5668305,1.5977647,102
"Andorra,Ordino",42.55615,1.5334945,102
"Andorra,Escaldes-Engordany",42.48691275,1.6070001140292214,102
"Malta,Valletta",35.8989818,14.5136759,64
"Malta,Mdina",35.8858588,14.40273861581985,64
"Malta,Sliema",35.9127609,14.5020708,64
"Malta,St. Julian's",35.9199225,14.4877119,64
"Malta,Mellieħa",35.9599618,14.368367,64
"Malta,Gozo",36.0467778,14.25825649123654,64
"Malta,Marsaxlokk",35.8417662,14.5448353,64
"Malta,Mosta",35.9079178,14.4241508,64
"Malta,Rabat",36.0428907,14.2398479,64
"Malta,Vittoriosa",35.8881119,14.5238445,64
"Monaco,Monte Carlo",43.7402961,7.426559,147
"Liechtenstein,Vaduz",47.1392862,9.5227962,236
"Luxembourg,Luxembourg City",49.6112768,6.129799,289
"Slovenia,Ljubljana",46.0500268,14.5069289,200
"Slovenia,Maribor",46.5576439,15.6455854,332
"Slovenia,Bled",46.3684202,14.1100595,200
"Slovenia,Piran",45.5284919,13.5684109,200
"Slovenia,Ptuj",46.4198096,15.8717378,332
"Slovenia,Kranj",46.2432635,14.3549501,200
"Slovenia,Celje",46.2293889,15.2616828,332
"Slovenia,Koper",45.5479864,13.7304781,200
"Slovenia,Nova Gorica",45.9580549,13.6474706,200
"Slovenia,Kamnik",46.2257358,14.6118936,200
"Croatia,Zagreb",45.84264135,15.962231476593626,332
"Croatia,Split",43.5116383,16.4399659,221
"Croatia,Dubrovnik",42.64873625,18.094680152605108,58
"Croatia,Zadar",44.1168594,15.2353257,221
"Croatia,Rovinj",45.0807411,13.6417282,200
"Croatia,Pula",44.8702281,13.8455311,200
"Croatia,Šibenik",43.7338436,15.8961863,221
"Croatia,Osijek",45.5548793,18.6953685,243
"Croatia,Trogir",43.5164142,16.2497163,221
"Croatia,Opatija",45.3349238,14.3067834,200
"Estonia,Tallinn",59.4372155,24.7453688,209
"Estonia,Tartu",58.3801207,26.72245,209
"Estonia,Pärnu",58.3835136,24.5081751,15
"Estonia,Narva",59.3766729,28.1921457,209
"Estonia,Viljandi",58.36454,25.5878074,209
"Estonia,Kuressaare",58.2527693,22.4849207,15
"Estonia,Haapsalu",58.9399019,23.5414798,15
"Estonia,Rakvere",59.3482229,26.3617173,209
"Estonia,Valga",57.777034,26.0315628,209
"Estonia,Võru",57.8385759,27.0086505,209
"Latvia,Riga",56.9493977,24.1051846,15
"Latvia,Jūrmala",56.9727164,23.7886979,15
"Latvia,Liepāja",56.5048435,21.0070903,255
"Latvia,Daugavpils",55.8712267,26.5159337,209
"Latvia,Sigulda",57.1540561,24.8567141,15
"Latvia,Cēsis",57.3131712,25.2748551,209
"Latvia,Ventspils",57.3903918,21.5635991,255
"Latvia,Jelgava",56.6514394,23.7339143,15
"Latvia,Ogre",56.8192045,24.6074393,15
"Latvia,Valmiera",57.5389148,25.4261688,209
"Lithuania,Vilnius",54.6870458,25.2829111,198
"Lithuania,Kaunas",54.8982139,23.9044817,198
"Lithuania,Klaipėda",55.7127529,21.1350469,255
"Lithuania,Šiauliai",55.9340823,23.3157775,15
"Lithuania,Palanga",55.9229818,21.0682657,255
"Lithuania,Trakai",54.6449911,24.9353981,198
"Lithuania,Nida",55.3036064,21.0038475,255
"Lithuania,Panevėžys",55.7344985,24.3578055,198
"Lithuania,Alytus",54.3961344,24.0459268,198
"Lithuania,Marijampolė",54.5562536,23.3503665,198
"Slovakia,Bratislava",48.1516988,17.1093063,38
"Slovakia,Košice",48.7172272,21.2496774,327
"Slovakia,Žilina",49.2234674,18.7393139,38
"Slovakia,Banská Bystrica",48.7383895,19.1585805,38
"Slovakia,Trnava",48.3767652,17.5858175,38
"Slovakia,Nitra",48.31295,18.0894593,38
"Slovakia,Prešov",49.0000074,21.2392122,327
"Slovakia,Trenčín",48.8922719,18.0387465,38
"Slovakia,Poprad",49.0541521,20.2976401,327
"Slovakia,Martin",49.0724921,18.929193,38
"United Arab Emirates,Dubai",25.074282349999997,55.18853865430702,158
"United Arab Emirates,Abu Dhabi",24.4538352,54.3774014,158
"United Arab Emirates,Sharjah",25.3461498,55.4210633,158
"United Arab Emirates,Al Ain",24.2248697,55.7452211,158
"United Arab Emirates,Ras Al Khaimah",25.7737705,55.938232,158
"United Arab Emirates,Fujairah",25.1244604,56.3355085,158
"United Arab Emirates,Ajman",25.509128699999998,55.361907248723114,158
"United Arab Emirates,Umm Al Quwain",25.5520435,55.5474977,158
"Qatar,Doha",25.2856329,51.5264162,16
"Qatar,Al Wakrah",25.1566623,51.6013212,16
"Qatar,Al Khor",25.6837333,51.5031212,16
"Qatar,Al Rayyan",24.9304741,50.9776887766882,16
"Qatar,Al Daayen",25.50974195,51.442269908131465,16
"Qatar,Umm Salal",25.4647654,51.338399559556024,16
"Qatar,Madinat ash Shamal",26.1182868,51.2156827,16
"Bahrain,Manama",26.2235041,50.5822436,16
"Bahrain,Muharraq",26.2465946,50.6164127,16
"Bahrain,Riffa",26.1315261,50.5503431,16
"Bahrain,Hamad Town",26.1267463,50.4983356,16
"Bahrain,Isa Town",26.1741995,50.5473432,16
"Bahrain,Jidhafs",26.218463,50.5273163,16
"Bahrain,Sitra",26.147831699999998,50.63202324367202,16
"Oman,Muscat",23.5882019,58.3829448,114
"Oman,Salalah",17.0174945,54.1010923,232
"Oman,Nizwa",22.9323884,57.5311,114
"Oman,Sur",22.5694263,59.5297203,114
"Oman,Sohar",24.3445577,56.7424766,158
"Oman,Khasab",26.1801822,56.2496182,158
"Oman,Bahla",22.970025,57.2986957,114
"Jordan,Amman",31.9515694,35.9239625,320
"Jordan,Aqaba",29.5266483,35.0075433,320
"Jordan,Petra",30.3258363,35.4745669,320
"Jordan,Jerash",32.278448,35.889680302011314,6
"Jordan,Irbid",32.5556091,35.8493023,6
"Jordan,Madaba",31.7165941,35.7943856,320
"Jordan,Karak",31.12570355,35.824704005065236,320
"Jordan,Ajloun",32.3323294,35.7520522,6
"Cyprus,Nicosia",35.1748976,33.3638568,260
"Cyprus,Limassol",34.6852901,33.0332657,260
"Cyprus,Larnaca",34.9236095,33.6236184,260
"Cyprus,Paphos",34.7743988,32.4231586,260
"Cyprus,Ayia Napa",34.9893216,33.9962036,260
"Cyprus,Famagusta",35.1245436,33.9325419,260
"Kuwait,Kuwait City",29.3796532,47.9734174,138
"Kuwait,Al Ahmadi",28.867312599999998,48.0223415376879,138
"Kuwait,Hawalli",29.32287695,48.11628897398228,138
"Kuwait,Farwaniya",29.24758225,47.911913830390105,138
"Kuwait,Fahaheel",29.07236055,48.1189321634849,138
"Kuwait,Jahra",29.498561549999998,47.544040757906274,138
"Kuwait,Sabah Al-Salem",29.2545839,48.0674383509956,138
"Lebanon,Beirut",33.88922645,35.50255852895232,6
"Lebanon,Byblos",34.11920775,35.646448154281956,6
"Lebanon,Tripoli",34.4373616,35.8348551,6
"Lebanon,Sidon",33.5618345,35.3780338,6
"Lebanon,Tyre",33.2721211,35.1964023,6
"Lebanon,Baalbek",34.009653,36.2117096,6
"Lebanon,Zahle",33.8477069,35.9024955,6
"Israel,Jerusalem",31.79592425,35.21198075969497,320
"Israel,Tel Aviv",32.0852997,34.7818064,6
"Israel,Haifa",32.8191218,34.9983856,6
"Israel,Eilat",29.5569348,34.9497949,320
"Israel,Netanya",32.3286181,34.8566246,6
"Israel,Tiberias",32.7938522,35.5328566,6
"Israel,Nazareth",32.7066301,35.3048161,6
"Israel,Jaffa",32.0443395,34.7509908,6
"Israel,Dead Sea",31.3933007,35.3848117,320
"Saudi Arabia,Riyadh",24.638916,46.7160104,326
"Saudi Arabia,Jeddah",21.5810088,39.1653612,111
"Saudi Arabia,Mecca",21.420847,39.826869,111
"Saudi Arabia,Medina",24.471153,39.6111216,375
"Saudi Arabia,Dammam",26.4367824,50.1039991,16
"Saudi Arabia,Al Khobar",26.3039999,50.1960237,16
"Saudi Arabia,Taif",21.2702801,40.4158308,111
"Saudi Arabia,Abha",18.2164282,42.5043596,213
"Saudi Arabia,Najran",18.0,45.666667,213
"Saudi Arabia,Yanbu",24.0889015,38.0666798,375
"Egypt,Cairo",30.0443879,31.2357257,186
"Egypt,Alexandria",31.1991806,29.8951716,186
"Egypt,Luxor",25.702096,32.647186,257
"Egypt,Aswan",24.091071,32.897306,257
"Egypt,Sharm El Sheikh",27.8644422,34.295447,79
"Egypt,Hurghada",27.222556,33.8307062,79
"Egypt,Dahab",28.4963633,34.5145652,79
"Egypt,Asyut",27.1832822,31.1853836,257
"Egypt,Mansoura",31.0407538,31.358177932786692,186
"Egypt,Port Said",31.263235,32.305505,186
"Turkey,Istanbul",41.0091982,28.9662187,55
"Turkey,Ankara",39.9207886,32.8540482,303
"Turkey,Izmir",38.4224548,27.1310699,225
"Turkey,Bursa",40.182737,29.0675481,55
"Turkey,Antalya",36.8872942,30.7074549,225
"Turkey,Adana",36.9863599,35.3252861,260
"Turkey,Konya",37.872734,32.4924376,303
"Turkey,Gaziantep",37.0628317,37.3792617,143
"Turkey,Mersin",36.7978381,34.6298391,260
"Turkey,Diyarbakır",37.9162222,40.2363542,143
"Turkey,Kayseri",38.6582232,35.5546374,300
"Turkey,Eskişehir",39.6821156,31.0723476,303
"Turkey,Trabzon",41.0054605,39.7301463,378
"Turkey,Samsun",41.2946149,36.3320596,300
"Turkey,Erzurum",39.90632,41.2727715,378
"Turkey,Malatya",38.3488506,38.3189466,143
"Turkey,Sivas",39.4191717,37.1012388,300
"Turkey,Denizli",37.7833152,29.0844832,225
"Turkey,Kahramanmaraş",37.7830345,36.830655,143
"Turkey,Şanlıurfa",37.2595198,39.0408174,143
"Kazakhstan,Almaty",43.2363924,76.9457275,251
"Kazakhstan,Nur-Sultan (Astana)",51.1282205,71.4306682,32
"Kazakhstan,Shymkent",42.3146962,69.5883282,104
"Kazakhstan,Aktobe",50.2836268,57.2298651,222
"Kazakhstan,Karaganda",49.1767322,74.1811272,32
"Kazakhstan,Taraz",42.9015945,71.3769302,104
"Kazakhstan,Pavlodar",51.8111545,76.4285287,373
"Kazakhstan,Ust-Kamenogorsk",49.9484438,82.6274791,71
"Kazakhstan,Semey",50.404377,80.2496637,71
"Kazakhstan,Kostanay",52.0615626,62.9372689,386
"Uzbekistan,Tashkent",41.3123363,69.2787079,104
"Uzbekistan,Samarkand",39.6550017,66.9756954,354
"Uzbekistan,Bukhara",39.7675529,64.4231326,39
"Uzbekistan,Andijan",40.7740809,72.5355339,292
"Uzbekistan,Namangan",41.0036287,71.2611952,292
"Uzbekistan,Nukus",42.4600229,59.6176603,199
"Uzbekistan,Qarshi",38.8405638,65.80046230609103,354
"Uzbekistan,Fergana",40.5,71.25,292
"Uzbekistan,Kokand",40.5408463,70.9473889,292
"Uzbekistan,Urgench",41.5753153,60.5998905,199
"Turkmenistan,Ashgabat",37.9404648,58.3823487,384
"Turkmenistan,Turkmenabat",39.0733839,63.5831564,39
"Turkmenistan,Daşoguz",41.3862117,58.5586047,199
"Turkmenistan,Mary",37.1302916,62.4019513,165
"Turkmenistan,Balkanabat",39.5116273,54.3539921,273
"Turkmenistan,Bayramaly",37.6124044,62.17165,165
"Turkmenistan,Tejen",37.38463,60.5027245,165
"Turkmenistan,Atamyrat",37.8407881,65.2063911,354
"Turkmenistan,Abadan",38.0547912,58.1496045,384
"Turkmenistan,Annau",37.9021725,58.5044999,384
"Bangladesh,Dhaka",23.7644025,90.389015,252
"Bangladesh,Chittagong",22.68394485,91.78913897849154,392
"Bangladesh,Khulna",22.9372087,89.2852741,119
"Bangladesh,Rajshahi",24.3715513,88.5921038,119
"Bangladesh,Sylhet",24.7358854,91.6852476,252
"Bangladesh,Barisal",22.4934035,90.3548015,252
"Bangladesh,Rangpur",25.6376135,89.0826381,323
"Bangladesh,Narayanganj",23.6236732,90.4988075,252
"Bangladesh,Gazipur",23.9997558,90.4173629,252
"Bangladesh,Mymensingh",24.8889305,90.3845187,252
"Sri Lanka,Colombo",6.9387469,79.8541134,94
"Sri Lanka,Kandy",7.2931208,80.6350358,94
"Sri Lanka,Galle",6.0328139,80.214955,94
"Sri Lanka,Nuwara Eliya",7.012402,80.75716115484704,94
"Sri Lanka,Jaffna",9.665093,80.0093029,263
"Sri Lanka,Batticaloa",7.7356027,81.6941956,94
"Sri Lanka,Trincomalee",8.576425,81.2344952,94
"Sri Lanka,Anuradhapura",8.334985,80.4106096,94
"Sri Lanka,Kalutara",6.5745305,80.02863119765179,94
"Sri Lanka,Kegalle",7.11344465,80.32173952070438,94
"Thailand,Bangkok",13.7524938,100.4935089,108
"Thailand,Chiang Mai",18.7882778,98.9858802,229
"Thailand,Phuket",7.9366015,98.3529292,266
"Thailand,Pattaya",12.9366674,100.8864587,108
"Thailand,Krabi",8.1111653,99.1097298,266
"Thailand,Koh Samui",9.5285113,99.9347221,266
"Thailand,Ayutthaya",14.3189468,100.5111681,108
"Thailand,Hua Hin",12.567301,99.9547134,108
"Thailand,Phi Phi Islands",7.7522403,98.77664336667435,266
"Thailand,Sukhothai",17.1446985,99.4375845,229
"Indonesia,Jakarta",-6.175247,106.8270488,144
"Indonesia,Bali",-8.3304977,115.0906401,14
"Indonesia,Yogyakarta",-7.9778383999999996,110.36722565020224,360
"Indonesia,Bandung",-6.9215529,107.6110212,144
"Indonesia,Surabaya",-7.2459717,112.7378266,360
"Indonesia,Medan",3.5896654,98.6738261,43
"Indonesia,Semarang",-6.9903988,110.4229104,360
"Indonesia,Makassar",-5.1342962,119.4124282,319
"Indonesia,Palembang",-2.9888297,104.756857,340
"Indonesia,Manado",1.4900578,124.8408708,181
"Malaysia,Kuala Lumpur",3.1516964,101.6942371,121
"Malaysia,Penang",5.4065013,100.2559077,172
"Malaysia,Langkawi",6.3700386,99.7928634,172
"Malaysia,Kota Kinabalu",5.9780066,116.0728988,131
"Malaysia,Malacca City",2.1942647,102.2486651,121
"Malaysia,George Town",5.4141619,100.3287352,172
"Malaysia,Kuching",1.5574127,110.3439862,313
"Malaysia,Cameron Highlands",4.4724267,101.3778646,172
"Malaysia,Johor Bahru",1.503555,103.7495586,121
"Malaysia,Ipoh",4.5986817,101.0900236,172
"Vietnam,Ho Chi Minh City (Saigon)",10.77936475,106.69227961100314,307
"Vietnam,Hanoi",21.0283207,105.8540217,78
"Vietnam,Hoi An",15.8798137,108.3273939,329
"Vietnam,Da Nang",16.068,108.212,329
"Vietnam,Nha Trang",12.2431693,109.1898675,307
"Vietnam,Ha Long Bay",20.9084384,107.0682782,78
"Vietnam,Phu Quoc",10.2163229,103.9876254,135
"Vietnam,Hue",16.4639321,107.5863388,329
"Vietnam,Can Tho",10.0364216,105.7875219,135
"Vietnam,Sapa",22.3359668,103.8426575,20
"Philippines,Manila",14.5813098,120.9761612,331
"Philippines,Cebu City",10.2931062,123.9020773,63
"Philippines,Boracay",11.9477338,121.9392632,269
"Philippines,Palawan",11.0798978,120.93734215474105,269
"Philippines,Bohol",9.833333,124.1615579,63
"Philippines,Davao City",7.0648306,125.6080623,63
"Philippines,Vigan",17.5755487,120.3872632,132
"Philippines,Baguio",16.4119955,120.593371,331
"Philippines,Puerto Princesa",9.7376025,118.7350414,269
"Philippines,Angeles City",15.14452325,120.59370565385044,331
"Singapore,Singapore City",1.2930272,103.85264479617268,121
"Cambodia,Phnom Penh",11.568271,104.9224426,135
"Cambodia,Siem Reap",13.3617562,103.8590321,248
"Cambodia,Sihanoukville",10.50614075,103.26205644863938,135
"Cambodia,Battambang",12.9256791,103.23171364274523,248
"Cambodia,Kampot",10.6314754,104.132637,135
"Cambodia,Kep",10.402153949999999,104.26506181616313,135
"Cambodia,Kratie",12.678301699999999,106.05817329824376,307
"Cambodia,Mondulkiri",12.7396454,107.00882593208544,307
"Cambodia,Pailin",12.89053285,102.62946042446026,248
"Cambodia,Preah Vihear",13.746298150000001,104.97403002709669,248
"Myanmar (Burma),Yangon (Rangoon)",16.7967129,96.1609916,229
"Myanmar (Burma),Bagan",21.1317111,94.8623644,128
"Myanmar (Burma),Mandalay",21.9812746,96.082375,128
"Myanmar (Burma),Inle Lake",20.53991455,96.91720998919325,393
"Myanmar (Burma),Naypyidaw",19.7540045,96.1344976,393
"Myanmar (Burma),Hpa-An",16.8902634,97.6362745,229
"Myanmar (Burma),Mawlamyine",16.4908026,97.6284825,229
"Myanmar (Burma),Pyin Oo Lwin",22.0333331,96.466667,128
"Myanmar (Burma),Kalaw",20.6356031,96.5656373,393
"Myanmar (Burma),Ngapali",18.9434111,96.4230537,393
"Laos,Vientiane",17.9640988,102.6133707,268
"Laos,Luang Prabang",19.8887438,102.135898,20
"Laos,Vang Vieng",18.9194213,102.4477333,268
"Laos,Pakse",15.1201461,105.8043971,61
"Laos,Savannakhet",16.500195849999997,105.71559464914924,61
"Laos,Louang Namtha",20.9515207,101.3830898,20
"Laos,Phonsavan",18.3294965,103.8974915,268
"Laos,Xam Neua",20.4151514,104.047364,268
"Laos,Thakhek",17.3946183,104.8064526,61
"Laos,Muang Xay",20.6930134,101.9853678,20
"Brunei,Bandar Seri Begawan",4.8895453,114.9417574,131
"East Timor,Dili",-8.5536809,125.5784093,86
"East Timor,Baucau",-8.4650462,126.4585621,86
"East Timor,Liquica",-8.5745301,125.24840830036156,86
"East Timor,Aileu",-8.7049799,125.66255180538465,86
"East Timor,Maliana",-8.9911326,125.203312,86
"East Timor,Suai",-9.3097,125.25458,86
"East Timor,Viqueque",-8.8093252,126.32180469166667,86
"China,Beijing",39.9057136,116.3912972,349
"China,Shanghai",31.2323437,121.4691024,153
"China,Hong Kong",22.2793278,114.1628131,304
"China,Guangzhou",23.1301964,113.2592945,304
"China,Shenzhen",22.5445741,114.0545429,304
"China,Chengdu",30.6598628,104.0633717,183
"China,Xi'an",34.2607713,108.9423443,89
"China,Guilin",25.238704,110.1750728,231
"China,Kunming",24.8837627,102.8325695,272
"China,Chongqing",29.5656729,106.5479189,183
"China,Tianjin",39.084802,117.1959904,349
"China,Nanjing",32.0615513,118.7915619,153
"China,Hangzhou",30.2489634,120.2052342,315
"China,Wuhan",30.5951051,114.2999353,316
"China,Suzhou",31.3016935,120.5810725,153
"China,Huangshan",30.13235465,118.15669182577278,41
"China,Lhasa",29.6553895,91.1704736,333
"China,Zhangjiajie",29.1176794,110.4741428,37
"China,Jiuzhaigou",33.2616591,104.2355319,183
"China,Hainan",19.2000001,109.5999999,78
"China,Sanya",18.2534658,109.5034392,329
"China,Qingdao",36.0638034,120.3781372,265
"China,Dalian",38.9181714,121.6282945,207
"China,Xiamen",24.4801069,118.0853479,262
"China,Lijiang",26.8595868,100.2249797,272
"China,Yangshuo",24.8630286,110.4871831,231
"China,Harbin",45.8016143,126.5287796,216
"China,Urumqi",43.419754,87.319461,192
"China,Macau",22.1899448,113.5380454,304
"China,Ningbo",29.8622194,121.6203873,246
"China,Qinhuangdao",39.9395724,119.5894129,207
"China,Taiyuan",37.870009,112.5452739,202
"China,Wuxi",31.5776626,120.2952752,153
"China,Fuzhou",27.9511188,116.3530413,242
"Taiwan,Taipei",25.0375198,121.5636796,302
"China,Shenyang",41.8026095,123.4279105,50
"China,Changsha",28.1450774,113.2384362,276
"China,Hefei",31.8228094,117.2218033,41
"China,Nanning",22.8193063,108.3627211,78
"China,Jinan",36.6507007,117.1140042,265
"China,Xining",36.617331,101.7761976,310
"China,Guiyang",26.6499922,106.6246178,231
"China,Yinchuan",38.4852037,106.2261926,157
"China,Nanchang",28.687547,115.8540042,242
"China,Yanji",42.8888552,129.5008425,256
"China,Kashgar",39.4702981,75.9874816,382
"China,Lanzhou",36.0620781,103.8318566,310
"China,Kaifeng",34.7961106,114.3472038,202
"China,Zhengzhou",34.7487244,113.6191483,202
"China,Tai'an",36.2002968,117.0809316,265
"China,Dunhuang",40.1411004,94.6607593,314
"China,Luoyang",34.6196539,112.4477046,202
"China,Xuzhou",34.2050708,117.2782967,265
"China,Jiangmen",22.5816619,113.0761073,304
"China,Huizhou",23.1146515,114.4107202,304
"China,Zhuhai",22.273734,113.5721327,304
"China,Foshan",23.0239788,113.1159558,304
"China,Dongguan",23.0205969,113.7457788,304
"China,Xiangyang",32.010998,112.1163785,37
"China,Nanchong",30.8401171,106.1066076,183
"China,Changzhou",31.8122623,119.9691539,153
"China,Taizhou",28.6581723,121.4163876,246
"China,Huai'an",33.5524785,119.1075773,153
"China,Linyi",35.1441348,110.6092839,89
"China,Nantong",31.9827896,120.8904588,153
"China,Xinxiang",35.3021133,113.9202062,202
"China,Huangshi",30.2024971,115.0334144,316
"China,Jiangyin",31.9092756,120.2630426,153
"China,Yangzhou",32.3968554,119.4077658,153
"China,Yichang",30.694088,111.2803074,37
"China,Anshan",41.1075962,122.9902291,207
"China,Zhoushan",29.9873344,122.2030363,246
"China,Mianyang",31.4602714,104.7160723,183
"China,Changzhi",36.1830167,113.0992929,202
"China,Langfang",39.5128345,116.6997446,349
"China,Yingkou",40.6747155,122.2357736,207
"China,Tonghua",41.7260568,125.9339857,216
"China,Zhanjiang",21.2737079,110.3548318,78
"China,Huludao",40.7515443,120.8404789,207
"China,Shantou",23.3563921,116.6775856,1
"China,Shaoguan",24.8136095,113.5922116,304
"China,Guang'an",30.4593051,106.6286646,183
"China,Zhaoqing",23.0501661,112.4603629,130
"China,Meizhou",24.2918414,116.1171428,1
"China,Ji'an",27.0937349,114.961355,242
"China,Shiyan",32.6314877,110.792752,89
"China,Chizhou",30.6671088,117.4859885,41
"China,Xiangtan",27.8328352,112.9388078,276
"China,Jingdezhen",29.2712774,117.1727822,316
"China,Yueyang",29.3594838,113.1229551,276
"China,Chengde",40.9507147,117.9567031,349
"China,Pingxiang",37.0634355,115.0254894,72
"China,Shijiazhuang",38.0429742,114.5088385,72
"China,Handan",36.583333,114.483333,202
"China,Xingtai",37.0616519,114.499746,72
"China,Zhengding",38.1439748,114.5632635,72
"China,Changchun",43.8844201,125.3180998,216
"China,Jilin City",43.8358044,126.5434908,216
"China,Songyuan",45.1335025,124.8165152,216
"China,Tongliao",43.6165326,122.2601837,50
"China,Baicheng",45.6156275,122.8360811,290
"China,Shuangyashan",46.6738195,131.1331152,99
"China,Suihua",46.6520483,126.9607485,216
"China,Heihe",50.2322239,127.4946896,371
"China,Qiqihar",47.3523672,123.9164653,290
"China,Shijiazhuang",38.0429742,114.5088385,72
"China,Baoding",38.8579735,115.490696,72
"China,Hengshui",37.7364305,115.6677229,72
"China,Laiwu",36.2150252,117.6698329,265
"China,Xinji",37.88374335,115.253783460645,72
"China,Handan",36.583333,114.483333,202
"China,Cangzhou",38.3042796,116.8511597,349
"China,Langfang",39.5128345,116.6997446,349
"China,Yingkou",40.6747155,122.2357736,207
"China,Yancheng",33.349559,120.1577019,153
"China,Yangzhou",32.3968554,119.4077658,153
"China,Taizhou",28.6581723,121.4163876,246
"China,Zhenjiang",32.1891959,119.4200069,153
"China,Nantong",31.9827896,120.8904588,153
"China,Changzhou",31.8122623,119.9691539,153
"China,Wuxi",31.5776626,120.2952752,153
"China,Ningbo",29.8622194,121.6203873,246
"China,Hangzhou",30.2489634,120.2052342,315
"China,Jiaxing",30.7474425,120.7510971,315
"China,Shaoxing",29.9992425,120.576854,315
"China,Huzhou",30.8942995,120.0851114,315
"China,Wenzhou",27.9963899,120.695345,246
"China,Taizhou",28.6581723,121.4163876,246
"China,Quzhou",36.7698986,114.9585243,72
"China,Lishui",31.6506882,119.0262399,153
"China,Jinhua",29.1080344,119.6486487,315
"China,Jinhua",29.1080344,119.6486487,315
"China,Yiwu",29.3093002,120.0703805,315
"China,Fuyang",32.8926763,115.8090001,41
"China,Huangshan",30.13235465,118.15669182577278,41
"China,Jiujiang",29.6653828,115.9474861,316
"China,Anqing",30.6592336,116.6302585,316
"China,Tongling",30.9474585,117.805068,41
"China,Hefei",31.8228094,117.2218033,41
"China,Wuhu",31.3536127,118.4277477,41
"China,Chaohu",31.627503,117.8842395,41
"China,Lu'an",31.7383487,116.5142252,41
"China,Ma'anshan",31.6866105,118.5048377,41
"China,Fuzhou",27.9511188,116.3530413,242
"China,Quanzhou",24.8755492,118.6723605,262
"China,Xiamen",24.4801069,118.0853479,262
"China,Zhangzhou",24.5164639,117.6424895,262
"China,Longyan",25.0767425,117.0123483,262
"China,Putian",25.4557366,119.0029034,262
"China,Nanping",27.3864812,118.0777547,262
"China,Sanming",26.3355765,117.442474,262
"China,Yan'an",36.5853932,109.4828549,295
"China,Weinan",34.5169112,109.4643291,89
"China,Xianyang",34.3312012,108.7043813,89
"China,Yanliang",34.6586906,109.2240468,89
"China,Yan'an",36.5853932,109.4828549,295
"China,Yulin",38.2851657,109.7290619,295
"China,Hanzhong",33.069049,107.018889,244
"China,Ankang",32.7165184,108.9912989,89
"China,Yulin",38.2851657,109.7290619,295
"China,Tianshui",34.5797531,105.7062921,244
"China,Jiuquan",39.7321262,98.4936839,13
"China,Zhangye",38.9365134,100.4556326,13
"China,Wuwei",37.928881,102.6359886,310
"China,Linxia",35.5441863,103.0715757,310
"China,Pingliang",35.22678,106.495648,244
"China,Qingyang",35.7106146,107.6384287,244
"China,Baiyin",36.5451563,104.1355419,310
"China,Jinchang",38.5206719,102.185973,13
"China,Xining",36.617331,101.7761976,310
"China,Yinchuan",38.4852037,106.2261926,157
"China,Shizuishan",38.9868531,106.3771974,157
"China,Wuzhong",37.9970759,106.1943085,157
"China,Guyuan",36.0148906,106.2379036,244
"China,Zhongwei",37.4999947,105.1928783,157
"China,Zhuhai",22.273734,113.5721327,304
"China,Zhongshan",24.5290384,111.2975324,130
"China,Foshan",23.0239788,113.1159558,304
"China,Jiangmen",22.5816619,113.0761073,304
"China,Shantou",23.3563921,116.6775856,1
"China,Chaozhou",23.656593,116.6204223,1
"China,Dongguan",23.0205969,113.7457788,304
"China,Shenzhen",22.5445741,114.0545429,304
"China,Huizhou",23.1146515,114.4107202,304
"China,Meizhou",24.2918414,116.1171428,1
"China,Shanwei",22.7891796,115.3704551,1
"China,Heyuan",23.746777,114.6954482,304
"China,Yangjiang",21.8603337,111.9776773,130
"China,Qingyuan",23.6832984,113.0505994,304
"China,Zhaoqing",23.0501661,112.4603629,130
"China,Zhanjiang",21.2737079,110.3548318,78
"China,Maoming",21.6656961,110.9209511,130
"China,Liuzhou",24.3284746,109.4239676,231
"China,Guilin",25.238704,110.1750728,231
"China,Wuzhou",23.5715402,111.0139268,130
"China,Beihai",21.4845174,109.1165772,78
"China,Fangchenggang",21.7023451,108.3590243,78
"China,Qinzhou",34.5797531,105.7062921,244
"China,Guigang",23.1144539,109.5946193,231
"China,Yulin",38.2851657,109.7290619,295
"China,Bose",23.9053605,106.6148824,231
"China,Liuzhou",24.3284746,109.4239676,231
"China,Hechi",24.487992,108.6325239,231
"China,Baise",23.9053605,106.6148824,231
"China,Laibin",23.7532648,109.2169807,231
"China,Hezhou",24.3705146,111.3590955,130
"China,Yiyang",28.5562003,112.3497606,276
"China,Loudi",27.6995215,111.9890658,276
"China,Yueyang",29.3594838,113.1229551,276
"India,New Delhi",28.6138954,77.2090057,282
"India,Mumbai (Bombay)",19.08157715,72.88662753964906,67
"India,Kolkata (Calcutta)",22.5726459,88.3638953,119
"India,Bangalore",12.9767936,77.590082,27
"India,Chennai (Madras)",13.0836939,80.270186,230
"India,Hyderabad",17.360589,78.4740613,311
"India,Ahmedabad",23.0216238,72.5797068,193
"India,Pune",18.521428,73.8544541,67
"India,Jaipur",26.9154576,75.8189817,3
"India,Surat",21.2094892,72.8317058,67
"India,Kanpur",26.4609135,80.3217588,330
"India,Lucknow",26.8381,80.9346001,330
"India,Nagpur",21.1498134,79.0820556,140
"India,Patna",25.6093239,85.1235252,133
"India,Vadodara",22.2973142,73.1942567,193
"India,Bhopal",23.2584857,77.401989,281
"India,Indore",22.7203616,75.8681996,281
"India,Ludhiana",30.9090157,75.851601,169
"India,Agra",27.1752554,78.0098161,3
"India,Varanasi",25.3356491,83.0076292,133
"India,Chandigarh",30.72984395,76.78414567016054,169
"India,Coimbatore",11.0018115,76.9628425,27
"India,Visakhapatnam",17.7231276,83.3012842,394
"India,Kochi",9.9674277,76.2454436,195
"India,Guwahati",26.1805978,91.753943,151
"India,Trivandrum",8.4882267,76.947551,195
"India,Pondicherry",10.91564885,79.80694879844232,263
"India,Mangalore",12.8698101,74.8430082,291
"India,Mysore",12.3051828,76.6553609,27
"India,Vijayawada",16.5087573,80.6185089,92
"India,Rajkot",22.3053263,70.8028377,233
"India,Bhubaneswar",20.2602964,85.8394521,308
"India,Dehradun",30.3255646,78.0436813,282
"India,Amritsar",31.6343083,74.8736788,169
"India,Ranchi",23.3700501,85.3250387,31
"India,Raipur",21.2380912,81.6336993,297
"India,Allahabad",25.4381302,81.8338005,330
"India,Cuttack",20.4686,85.8792,308
"India,Jamshedpur",22.8015194,86.2029579,31
"India,Meerut",28.9826533,77.7081013,282
"India,Tiruchirappalli",10.804973,78.6870296,263
"India,Jodhpur",26.2967719,73.0351433,390
"India,Srinagar",34.0747444,74.8204443,83
"India,Chandigarh",30.72984395,76.78414567016054,169
"India,Jabalpur",23.1608938,79.9497702,330
"India,Gwalior",26.2037247,78.1573628,3
"India,Aurangabad",19.877263,75.3390241,277
"India,Rajahmundry",17.0050454,81.7804732,92
"India,Warangal",17.9820644,79.5970954,92
"India,Solapur",17.6699734,75.9008118,175
"India,Durgapur",23.5350475,87.3380425,31
"India,Gorakhpur",26.6711433,83.36457243864551,133
"India,Mysore",12.3051828,76.6553609,27
"India,Belgaum",15.8572666,74.5069343,175
"India,Rajkot",22.3053263,70.8028377,233
"India,Jammu",32.7185614,74.8580917,83
"India,Guwahati",26.1805978,91.753943,151
"India,Bhatpara",22.8571157,88.3971976,119
"India,Thrissur",10.5256264,76.2132542,195
"India,Saharanpur",30.019648500000002,77.5929424528558,282
"India,Guntur",16.2915189,80.4541588,92
"India,Amravati",20.981485,77.799985374555,277
"India,Bikaner",28.0159286,73.3171367,390
"India,Noida",28.5706333,77.3272147,282
"India,Dehradun",30.3255646,78.0436813,282
"India,Asansol",23.6871297,86.9746587,31
"India,Nanded",19.17257215,77.29141237169956,277
"India,Kolhapur",16.7028412,74.2405329,175
"India,Ajmer",26.4691,74.639,390
"India,Jamnagar",22.4732415,70.0552102,233
"India,Ujjain",23.1885131,75.7716562,281
"India,Loni",20.29349915,76.4013845957059,277
"India,Siliguri",26.7164127,88.4309916,323
"India,Jhansi",25.34402605,78.43677310019574,3
"India,Ulhasnagar",19.19381615,73.19143234839959,67
"India,Jammu",32.7185614,74.8580917,83
"India,Sangli",16.8502534,74.5948885,175
"India,Mirzapur",25.101047700000002,82.62574935763521,133
"India,Dharwad",15.4540505,75.0066516,175
"India,Aligarh",27.833333,78.166667,3
"India,Jalandhar",31.3323762,75.576889,169
"India,Tirunelveli",8.7012203,77.5792694,195
"India,Udaipur",24.578721,73.6862571,193
"India,Malegaon",20.2585033,76.97657401490227,277
"India,Belgaum",15.8572666,74.5069343,175
"India,Akola",20.76181225,77.1921156663574,277
"India,Nellore",14.4493717,79.9873763,230
"India,Agartala",23.8312377,91.2823821,252
"India,Davangere",14.4679807,75.9195682,291
"India,Rajahmundry",17.0050454,81.7804732,92
"India,Mangalore",12.8698101,74.8430082,291
"India,Bhilai",21.2120677,81.3732849,297
"India,Chandrapur",20.02950395,79.3566653463841,140
"India,Jamnagar",22.4732415,70.0552102,233
"India,Kolhapur",16.7028412,74.2405329,175
"India,Ambattur",13.1128863,80.15986241084877,230
"India,Thanjavur",10.7860267,79.1381497,263
"India,Aurangabad",19.877263,75.3390241,277
"India,Bardhaman",23.2495714,87.8681751,119
"India,Alwar",27.5,76.5,3
"India,Kurnool",15.8309251,78.0425373,311
"India,Nanded",19.17257215,77.29141237169956,277
"India,Raurkela",22.21428495,84.87243686998576,308
"India,Bilaspur",28.8680526,79.29838501460121,282
"India,Kadapa",14.4752936,78.8216861,311
"India,Kurnool",15.8309251,78.0425373,311
"India,Rajpur Sonarpur",22.4408748,88.4246368,119
"India,Durg",21.1896499,81.2851077,297
"India,Ongole",15.5075545,80.06080046754784,92
"India,Deoghar",24.4766423,86.60673245386945,31
"India,Nizamabad",26.055317950000003,82.99313867937335,133
"India,Tirupati",13.6316368,79.4231711,230
"India,Ratlam",23.583333,75.166667,281
"India,Aizawl",23.7435236,92.7382905,392
"India,Karnal",29.6803266,76.9896254,282
"India,Bathinda",30.206791,74.9463699,169
"India,Hoshiarpur",31.5328523,75.9025485,169
"India,Raichur",16.083333,77.166667,311
"India,Durg",21.1896499,81.2851077,297
"India,Shimla",31.1041526,77.1709729,169
"India,Kakinada",16.99716705,82.24579989610243,394
"India,Nagercoil",8.1880471,77.4290492,195
"India,Bhimavaram",16.5427689,81.527344,92
"India,Satna",24.5,81.0,330
"India,Udupi",13.3419169,74.7473232,291
"India,Barasat",22.7191072,88.4826229,119
"India,Faizabad",26.68291425,82.2589480572377,133
"India,Arrah",25.62345725,84.59683868653386,133
"India,Sagar",21.756170349999998,88.12173957620847,119
"India,Dindigul",10.3303299,78.0673979084697,263
"India,Proddatur",14.752265900000001,78.54855180269425,311
"India,Etawah",26.8197814,79.06040300081438,3
"India,Bulandshahr",28.416667,77.833333,282
"India,Alwar",27.5,76.5,3
"India,Burhanpur",26.2697215,82.99442536730413,133
"India,Gandhidham",23.0718743,70.131715,233
"India,Panipat",29.3912753,76.9771675,282
"India,Rewa",24.75,81.5,330
"India,Saharanpur",30.019648500000002,77.5929424528558,282
"India,Morvi",25.26490965,82.98577262135697,133
"India,Karimnagar",18.4348122,79.1328042,140
"India,Ambala",30.3843674,76.770421,169
"India,Mathura",27.4955539,77.6855554,3
"India,Rampur",24.890090999999998,83.73254274787365,133
"India,Shiliguri",26.7164127,88.4309916,323
"India,Hapur",28.740612499999997,77.83542556519009,282
"India,Dhule",20.878922,74.70314311020788,67
"India,Krishnanagar",23.4058481,88.4958935,119
"India,Veraval",20.9101099,70.365279,233
"India,Secunderabad",17.4337246,78.5006827,311
"India,Raiganj",25.680653900000003,88.12464576019889,323
"India,Agartala",23.8312377,91.2823821,252
"India,Naihati",22.8886213,88.4239345,119
"India,South Dum Dum",22.6211141,88.3928973,119
"India,Serampore",22.7549951,88.3416672,119
"India,Gopalpur",25.30946375,87.20787305955696,31
"India,Budge Budge",22.4736567,88.173933,119
"India,Eluru",17.015219000000002,81.08045423126018,92
"India,Navsari",20.952407,72.9323831,67
"India,Rajapalayam",9.403158399999999,77.51826437085998,195
"India,Kolathur",13.1241127,80.2046276,230
"India,Srikakulam",18.32002205,83.91607719937166,394
"India,Miryalaguda",16.8710119,79.5617353,92
"India,Tanjore",10.7860267,79.1381497,263
"India,Raurkela",22.21428495,84.87243686998576,308
"India,Krishnagiri",12.5188835,78.2206536,27
"India,Karur",10.9301522,78.08485454572889,263
"India,Karur",10.9301522,78.08485454572889,263
"India,Nalgonda",17.0504406,79.2669235,92
"India,Pudukkottai",10.5,78.833333,263
"India,Siwan",26.263246600000002,84.32254962309293,133
"India,Kollam",8.8879509,76.5955013,195
"India,Tiruvannamalai",12.22713775,79.07012882091152,230
"India,Baramula",34.566667,74.75,83
"India,Ballia",25.833333,84.166667,133
"India,Mau",25.234778849999998,81.33109081010687,330
"India,Ramagundam",18.7615156,79.4787848,140
"India,Panvel",18.96558885,73.10288130582491,67
"India,Kanchipuram",12.9647163,79.9839686,230
"India,Baranagar",22.6493438,88.3685302,119
"India,Thanjavur",10.7860267,79.1381497,263
"India,Bihar Sharif",25.193859,85.5208617,31
"India,Kulti",23.7302149,86.8396711,31
"India,Pali",25.6051226,73.41650554658088,390
"India,Machilipatnam",16.1817369,81.1348181,92
"India,Bilimora",20.7671693,72.9693451,67
"India,Dewas",23.0,76.166667,281
"India,Tiruppur",11.1017815,77.345192,27
"India,Bathinda",30.206791,74.9463699,169
"India,Munger",25.38696305,86.49981753704246,31
"India,Kadapa",14.4752936,78.8216861,311
"India,Shimoga",13.9326093,75.574978,291
"India,Haldia",22.028124,88.0632655,119
"India,Batala",31.8193025,75.1999941,169
"India,Itanagar",27.0979659,93.6237291,151
"India,Kohima",25.75,94.166667,151
"Japan,Tokyo",35.6840574,139.7744912,8
"Japan,Kyoto",35.021041,135.7556075,188
"Japan,Osaka",34.661629000000005,135.49992679245517,188
"Japan,Hiroshima",34.3917241,132.4517589,56
"Japan,Nara",34.6845445,135.8048359,188
"Japan,Sapporo",43.061936,141.3542924,220
"Japan,Yokohama",35.4443947,139.6367727,301
"Japan,Kamakura",35.329564,139.54442,301
"Japan,Nikko",36.7196755,139.6989028,8
"Japan,Fukuoka",33.6251241,130.6180016,164
"Japan,Kanazawa",36.5780499,136.6480247,116
"Japan,Takayama",36.1396246,137.2510322,116
"Japan,Kobe",34.6932379,135.1943764,188
"Japan,Nagoya",35.1851045,136.8998438,116
"Japan,Nagasaki",33.1154683,129.7874339,164
"Japan,Miyajima",34.271448,132.30887218047832,56
"Japan,Matsumoto",36.2382047,137.9687141,116
"Japan,Sendai",38.2677554,140.8691498,379
"Japan,Hakone",35.222919,139.031616,301
"Japan,Okinawa",26.5707754,128.0255901,110
"Japan,Shirakawa-go",36.2573454,136.9068317,116
"Japan,Kumamoto",32.6450475,130.6341345,164
"Japan,Himeji",34.8153529,134.6854793,188
"Japan,Oita",33.1819875,131.4270217,164
"Japan,Beppu",33.2845752,131.4913063,164
"Japan,Kochi",33.6569018,133.5606241,56
"Japan,Matsuyama",33.8395188,132.7653521,56
"Japan,Kagoshima",31.521587,130.5474077,358
"Japan,Karuizawa",36.3482938,138.5969968,301
"Japan,Kawasaki",35.5305307,139.7028012,301
"Japan,Miyazaki",32.097681,131.294542,358
"Japan,Yamagata",38.4746705,140.083237,379
"Japan,Tottori",35.3555075,133.8678525,56
"Japan,Tsuwano",34.4692243,131.7752911,56
"Japan,Fujiyoshida",35.4874565,138.8078281,301
"Japan,Aomori",40.886943,140.590121,95
"Japan,Ishigaki",24.3439358,124.1861835,302
"Japan,Matsue",35.468115,133.048768,56
"Japan,Hakodate",41.768793,140.729008,220
"Japan,Kusatsu",35.0179088,135.96046,188
"Japan,Kanazawa",36.5780499,136.6480247,116
"Japan,Toba",34.4714464,136.8293576,188
"Japan,Tokushima",33.9196418,134.2509634,56
"Japan,Kushiro",42.9906837,144.3820381,367
"Japan,Miyako",39.6395835,141.9461177,95
"Japan,Yokkaichi",34.9648428,136.624845,116
"Japan,Yonezawa",37.9222426,140.1166276,379
"Japan,Nagano",36.1143945,138.0319015,116
"Japan,Hita",33.3211655,130.9411316,164
"Japan,Fujisawa",35.364842,139.465077,301
"Japan,Kumagaya",36.1472472,139.3886141,8
"Japan,Tomakomai",42.6340602,141.6055453,220
"Japan,Fukui",35.9263502,136.6068127,116
"Japan,Mito",36.3659174,140.4731743,8
"Japan,Numazu",35.094699,138.866742,301
"Japan,Hachinohe",40.5122388,141.4882959,95
"Japan,Tsuruoka",38.7272187,139.8266292,379
"Japan,Okayama",34.8581334,133.7759256,56
"Japan,Izumo",35.3668891,132.7548827,56
"Japan,Nagahama",35.4857724,136.294057,116
"Japan,Yatsushiro",32.5081425,130.6020211,164
"Japan,Yokosuka",35.2730564,139.6653829,301
"Japan,Naha",26.2122345,127.6791452,110
"Japan,Hachijojima",33.1024935,139.8076939278656,301
"Japan,Chichibu",35.9914509,139.0857612,301
"Japan,Minamiboso",35.0387486,139.8371399,301
"Japan,Sakaiminato",35.5391751,133.2318575,56
"Japan,Kakunodate",39.5917466,140.571223,95
"Japan,Shimoda",34.679545,138.945379,301
"Japan,Kanoya",31.3780472,130.8525167,358
"Japan,Kushimoto",33.4764838,135.7786103,188
"Japan,Kaga",36.3027624,136.3151159,116
"Japan,Tateyama",34.9965304,139.8699838,301
"Japan,Hiroo",42.285532,143.3116162,367
"Japan,Koriyama",37.404937,140.333381,379
"Japan,Toyama",36.6468015,137.2183531,116
"Japan,Katsuura",35.1521846,140.3207449,301
"Japan,Natori",38.171499,140.8917335,379
"Japan,Atami",35.08992,139.059891,301
"Japan,Kiso",35.899967,137.651902,116
"Japan,Hiraizumi",38.9865464,141.1138244,95
"Japan,Tsukuba",36.0833265,140.077279,8
"Japan,Fukuyama",34.4857039,133.3623097,56
"Japan,Chiba",35.549399,140.2647303,8
"Japan,Hamamatsu",34.7109786,137.7259431,116
"Japan,Tachikawa",35.724463,139.404766,301
"Japan,Yatsushiro",32.5081425,130.6020211,164
"Japan,Misawa",40.6829377,141.3692113,95
"Japan,Hamada",34.8991982,132.0799984,56
"Japan,Kamaishi",39.2757463,141.8858151,95
"Japan,Tsukuba",36.0833265,140.077279,8
"Japan,Miyazu",35.5815605,135.199274,188
"Japan,Kasama",36.3452244,140.3042261,8
"Japan,Yokote",39.3137847,140.5667433,95
"Japan,Kurume",33.3196545,130.5080625,164
"Japan,Okinawa City",26.250251,127.719498,110
"Japan,Musashino",35.712898,139.563534,301
"Japan,Yawatahama",33.4627983,132.4235208,56
"Japan,Kawasaki",35.5305307,139.7028012,301
"Japan,Narita",35.7767683,140.3183376,8
"Japan,Takarazuka",34.8659057,135.3257734,188
"Japan,Yokosuka",35.2730564,139.6653829,301
"Japan,Koga",36.178025,139.7553638,8
"Japan,Kiryu",36.4055296,139.3310209,8
"Japan,Izumi",34.43108,135.474789,188
"Japan,Osaki",38.5770889,140.955454,379
"Japan,Yurihonjo",39.3858771,140.0487402,95
"Japan,Odate",40.2716953,140.5652404,95
"Japan,Tendo",38.3624343,140.3772634,379
"Japan,Takamatsu",34.3425592,134.0465338,56
"Japan,Kochi",33.6569018,133.5606241,56
"Japan,Saga",33.2185408,130.1296585,164
"Japan,Kumamoto",32.6450475,130.6341345,164
"Japan,Matsue",35.468115,133.048768,56
"Japan,Tsuruga",35.6445135,136.0734634,116
"Japan,Yonago",35.4276408,133.331459,56
"Japan,Shimonoseki",33.9577116,130.9415455,164
"Japan,Miyakonojo",31.7196106,131.0612029,358
"Japan,Kagoshima",31.521587,130.5474077,358
"Japan,Kushiro",42.9906837,144.3820381,367
"Japan,Kitakyushu",33.8829996,130.8749015,164
"Japan,Kanazawa",36.5780499,136.6480247,116
"Japan,Niigata",37.6452283,138.7669125,379
"Japan,Koriyama",37.404937,140.333381,379
"Japan,Akita",39.6898802,140.342608,95
"Japan,Kochi",33.6569018,133.5606241,56
"Japan,Toyama",36.6468015,137.2183531,116
"Japan,Matsumoto",36.2382047,137.9687141,116
"Japan,Morioka",39.7021331,141.1545397,95
"Japan,Fukui",35.9263502,136.6068127,116
"Japan,Fukushima",37.75454,140.4592144,379
"Japan,Otsu",35.0047096,135.8686739,188
"Japan,Sasebo",33.1799965,129.7152872,164
"Japan,Ogaki",35.3671141,136.6179746,116
"Japan,Chigasaki",35.329479,139.405371,301
"Japan,Yao",34.626275,135.605845,188
"Japan,Kofu",35.6652481,138.5710441,301
"Japan,Hachinohe",40.5122388,141.4882959,95
"Japan,Mito",36.3659174,140.4731743,8
"Japan,Higashihiroshima",34.42683,132.741552,56
"Japan,Iwakuni",34.1664995,132.2191163,56
"Japan,Kurashiki",34.5850791,133.7719957,56
"Japan,Nobeoka",32.5823063,131.6649034,358
"Japan,Sakura",35.7234619,140.2240158,8
"Japan,Kusatsu",35.0179088,135.96046,188
"Japan,Hitachinaka",36.3961235,140.5353397,8
"Japan,Fujinomiya",35.2221369,138.6214683,301
"Japan,Oyama",36.3147373,139.800148,8
"Japan,Kariya",34.974678,137.002791,116
"Japan,Kashima",35.9661164,140.6450292,8
"Japan,Chitose",42.8209335,141.6509612,220
"Japan,Chofu",35.660036,139.554815,301
"Japan,Iruma",35.8358142,139.3909293,301
"Japan,Fuji",35.362799,138.730781,301
"Japan,Ninomiya",35.300994,139.246756,301
"Japan,Yonabaru",26.2057418,127.765578,110
"Japan,Miyoshi",34.81024,132.851691,56
"Japan,Yuki",36.3052945,139.8771403,8
"Japan,Onomichi",34.4088519,133.2051549,56
"Japan,Ishinomaki",38.4341281,141.3028087,379
"Japan,Tochigi",36.6782167,139.8096549,8
"Japan,Suita",34.764884,135.51735,188
"Japan,Kumagaya",36.1472472,139.3886141,8
"Japan,Itami",34.786159,135.407994,188
"Japan,Kyoto",35.021041,135.7556075,188
"Japan,Kamakura",35.329564,139.54442,301
"Japan,Chiba",35.549399,140.2647303,8
"Japan,Higashiosaka",34.678147,135.597728,188
"Japan,Nishinomiya",34.7386033,135.3394138,188
"Japan,Kagoshima",31.521587,130.5474077,358
"Japan,Kochi",33.6569018,133.5606241,56
"Japan,Takamatsu",34.3425592,134.0465338,56
"Japan,Kanazawa",36.5780499,136.6480247,116
"Japan,Nagoya",35.1851045,136.8998438,116
"Japan,Matsue",35.468115,133.048768,56
"Japan,Oita",33.1819875,131.4270217,164
"Japan,Yokohama",35.4443947,139.6367727,301
"Japan,Kobe",34.6932379,135.1943764,188
"Japan,Hiroshima",34.3917241,132.4517589,56
"Japan,Fukuoka",33.6251241,130.6180016,164
"Japan,Kawasaki",35.5305307,139.7028012,301
"Japan,Sapporo",43.061936,141.3542924,220
"Japan,Sendai",38.2677554,140.8691498,379
"South Korea,Seoul",37.5666791,126.9782914,190
"South Korea,Busan",35.1799528,129.0752365,368
"South Korea,Incheon",37.456,126.7052,190
"South Korea,Daegu",35.8713,128.6018,96
"South Korea,Daejeon",36.3497007,127.3849016,96
"South Korea,Gwangju",35.1594647,126.8515034,21
"South Korea,Suwon",37.2633325,127.0287472,190
"South Korea,Ulsan",35.5391697,129.3119136,368
"South Korea,Jeju",33.3939924,126.5626653,21
"South Korea,Changwon",35.227956,128.6818586,368
"South Korea,Seongnam",37.4201556,127.1262092,190
"South Korea,Goyang",37.6581862,126.8319452,190
"South Korea,Yongin",37.2405741,127.1785572,190
"South Korea,Cheongju",36.6421169,127.4891742,190
"South Korea,Jinju",35.1803459,128.1079953,368
"South Korea,Jeonju",35.8237631,127.1472805,21
"South Korea,Mokpo",34.7903335,126.3847547,21
"South Korea,Andong",36.5634886,128.7260798,96
"South Korea,Suncheon",34.9505457,127.4872992,21
"South Korea,Gimhae",35.2310947,128.8908228,368
"South Korea,Pohang",36.0189315,129.3429384,368
"South Korea,Gimcheon",36.1398035,128.1139534,96
"South Korea,Yeosu",34.7546257,127.659859,21
"South Korea,Iksan",35.9479291,126.9578025,21
"South Korea,Wonju",37.3420996,127.9197603,346
"South Korea,Chuncheon",37.8810569,127.7297641,346
"South Korea,Asan",36.7899498,127.0026769,190
"South Korea,Changwon",35.227956,128.6818586,368
"South Korea,Miryang",35.503839,128.7466992,368
"South Korea,Pyeongtaek",36.9924966,127.1127168,190
"South Korea,Gunsan",35.9679984,126.7369036,21
"South Korea,Ansan",35.3349979,129.0370582,368
"South Korea,Namwon",35.4163118,127.3903713,21
"South Korea,Gwangmyeong",37.4810539,126.8631275,190
"South Korea,Anyang",37.3938528,126.9570605,190
"South Korea,Hwaseong",37.1994653,126.8312632,190
"South Korea,Gumi",36.1195513,128.3444692,96
"South Korea,Icheon",37.2808823,127.4429132,190
"South Korea,Sacheon",35.003468,128.064562,368
"South Korea,Gwangyang",34.9406452,127.6959512,21
"South Korea,Sangju",36.4104478,128.1590614,96
"South Korea,Yeongju",36.805685,128.624054,96
"South Korea,Hwacheon",38.1063,127.708,346
"South Korea,Sokcho",38.2069574,128.5913424,346
"South Korea,Geoje",34.8804677,128.621207,368
"South Korea,Tongyeong",34.854254,128.433205,368
"South Korea,Jecheon",37.1326042,128.1913508,346
"South Korea,Tongyeong",34.854254,128.433205,368
"South Korea,Seosan",36.784499,126.450317,190
"South Korea,Taebaek",37.1637943,128.9857176,346
"South Korea,Yangsan",35.3349979,129.0370582,368
"South Korea,Muan",34.9905794,126.4812377,21
"South Korea,Yangju",37.7849312,127.0457771,190
"South Korea,Andong",36.5634886,128.7260798,96
"South Korea,Pocheon",37.8948267,127.2007295,190
"South Korea,Yeongcheon",35.98842,128.942,96
"South Korea,Hongseong",36.5993365,126.6812157,190
"South Korea,Wando",34.3110373,126.7553933,21
"South Korea,Wonju",37.3420996,127.9197603,346
"South Korea,Asan",36.7899498,127.0026769,190
"South Korea,Hongcheon",37.6967,127.8888,346
"South Korea,Gangneung",37.7525313,128.8759523,346
"South Korea,Miryang",35.503839,128.7466992,368
"South Korea,Gongju",36.47257,127.09124,190
"South Korea,Nonsan",36.1868623,127.0987857,21
"South Korea,Gumi",36.1195513,128.3444692,96
"South Korea,Chilgok",35.995,128.4017,96
"South Korea,Gwangju",35.1594647,126.8515034,21
"South Korea,Jeongeup",35.5697678,126.8559787,21
"South Korea,Chuncheon",37.8810569,127.7297641,346
"South Korea,Suncheon",34.9505457,127.4872992,21
"South Korea,Mungyeong",36.5858541,128.1870612,96
"South Korea,Hadong",35.067279,127.751741,21
"South Korea,Tonghae",35.1530855,128.6440251,368
"South Korea,Yeongdong",36.1747588,127.7834432,96
"South Korea,Samcheok",37.4498745,129.1652969,346
"South Korea,Taean",36.7454236,126.29836,190
"South Korea,Gyeongju",35.8556705,129.2248811,368
"South Korea,Gochang",35.4355,126.7021,21
"South Korea,Gokseong",35.2818969,127.2914673,21
"South Korea,Goseong",34.9732784,128.322233,368
"South Korea,Yeongwol",37.1834983,128.4619814,346
"South Korea,Hamyang",35.5204145,127.7252966,21
"South Korea,Boseong",34.7711356,127.0798978,21
"South Korea,Jangsu",34.946687,127.4324789,21
"South Korea,Okcheon",36.3061692,127.571482,96
"South Korea,Hoengseong",37.4916,127.985,346
"South Korea,Gunwi",36.2425017,128.5732027,96
"South Korea,Yangyang",38.0751,128.6191,346
"South Korea,Yeoncheon",38.0964,127.0746,190
"South Korea,Seongju",35.9190065,128.283486,96
"South Korea,Yeoncheon",38.0964,127.0746,190
"South Korea,Gapyeong",37.8314,127.5098,346
"South Korea,Yeonggwang",35.2769282,126.5124504,21
"South Korea,Yeongdeok",36.4149,129.3659,96
"South Korea,Hoeryong",37.7241182,127.0473066,190
"South Korea,Yeongam",34.800052,126.6970381,21
"South Korea,Boryeong",36.33401,126.613165,190
"South Korea,Wanju",35.9039,127.1622,21
"South Korea,Wonju",37.3420996,127.9197603,346
"South Korea,Gangjin",34.641917,126.7669591,21
"South Korea,Sancheong",35.4154624,127.873663,368
"South Korea,Boseong",34.7711356,127.0798978,21
"South Korea,Gurye",35.2024172,127.463225,21
"Alabama,Birmingham",33.5206824,-86.8024326,2
"Alabama,Mobile",30.6913462,-88.0437509,191
"Alabama,Huntsville",34.729847,-86.5859011,2
"Alabama,Montgomery",32.3669656,-86.3006485,2
"Alabama,Tuscaloosa",33.2095614,-87.5675258,2
"Alabama,Gulf Shores",30.2711224,-87.6893826,191
"Alaska,Anchorage",61.2163129,-149.894852,34
"Alaska,Juneau",58.3019496,-134.419734,82
"Alaska,Fairbanks",64.837845,-147.716675,344
"Alaska,Denali National Park",63.23166155,-151.04055543225257,34
"Arizona,Phoenix",33.4484367,-112.074141,76
"Arizona,Grand Canyon",36.097743,-112.0967621,76
"Arizona,Tucson",32.2228765,-110.9748477,76
"Arizona,Sedona",34.8629426,-111.8137097,76
"Arizona,Scottsdale",33.4942189,-111.926018,76
"Arizona,Flagstaff",35.1816047,-111.6165953319917,76
"Arkansas,Little Rock",34.7465071,-92.2896267,162
"Arkansas,Eureka Springs",36.4000796,-93.7392419,162
"Arkansas,Hot Springs",34.5038393,-93.0552437,162
"Arkansas,Fayetteville",36.0625843,-94.1574328,162
"California,Los Angeles",34.0536909,-118.242766,267
"California,San Francisco",37.7790262,-122.419906,325
"California,San Diego",32.7174202,-117.1627728,267
"California,Napa Valley",38.540524149999996,-122.54835743348914,325
"California,Yosemite National Park",37.83930035,-119.51646348068644,53
"California,Monterey",36.2231079,-121.387742,325
"Colorado,Denver",39.7392364,-104.984862,23
"Colorado,Colorado Springs",38.8339578,-104.825348,23
"Colorado,Boulder",40.0149856,-105.270545,23
"Colorado,Aspen",39.1911128,-106.8235606,374
"Colorado,Vail",39.6440207,-106.3801669,374
"Colorado,Denver",39.7392364,-104.984862,23
"Connecticut,Hartford",41.764582,-72.6908547,197
"Connecticut,New Haven",41.3082138,-72.9250518,197
"Connecticut,Mystic",41.35599175,-71.95733552651515,197
"Delaware,Wilmington",39.7459468,-75.546589,178
"Delaware,Rehoboth Beach",38.7164771,-75.0835107,178
"Florida,Miami",25.7741728,-80.19362,328
"Florida,Orlando",28.5421109,-81.3790304,103
"Florida,Miami Beach",25.7929198,-80.1353006,328
"Florida,Key West",24.5625566,-81.7724368,328
"Florida,Tampa",27.9477595,-82.458444,103
"Florida,St. Augustine",29.8946952,-81.3145395,103
"Georgia,Atlanta",33.7489924,-84.3902644,2
"Georgia,Savannah",32.0790074,-81.0921335,227
"Georgia,Athens",33.9597677,-83.376398,312
"Georgia,St. Simons Island",31.2182863,-81.3612077,227
"Hawaii,Honolulu",21.304547,-157.855676,22
"Hawaii,Maui",20.802956799999997,-156.31068331602177,22
"Hawaii,Kauai",22.050466550000003,-159.55876775017003,22
"Hawaii,Hawaii Island (Big Island)",19.58955475,-155.44869830348483,22
"Hawaii,Lanai",20.830544099999997,-156.9029492509114,22
"Hawaii,Molokai",21.1344895,-157.00715388513936,22
"Idaho,Boise",43.6008183,-116.24210864118032,254
"Idaho,Coeur d'Alene",47.6742994,-116.7811531,218
"Idaho,Sun Valley",43.696215,-114.353097,254
"Illinois,Chicago",41.8755616,-87.6244212,126
"Illinois,Springfield",39.7990175,-89.6439575,347
"Illinois,Galena",42.4157304,-90.4294726,126
"Illinois,Peoria",40.6938609,-89.5891008,347
"Indiana,Indianapolis",39.7683331,-86.1583502,337
"Indiana,Bloomington",39.1670396,-86.5342881,337
"Indiana,South Bend",41.6833813,-86.2500066,337
"Iowa,Des Moines",41.5910323,-93.6046655,321
"Iowa,Iowa City",41.6612561,-91.5299106,321
"Iowa,Cedar Rapids",41.9758872,-91.6704053,321
"Kansas,Wichita",37.6922361,-97.3375448,237
"Kansas,Kansas City",39.1134562,-94.626497,377
"Kansas,Lawrence",38.9719384,-95.2359496,377
"Kentucky,Louisville",38.2542376,-85.759407,337
"Kentucky,Lexington",38.0464066,-84.4970393,196
"Kentucky,Bowling Green",36.9903199,-86.4436018,337
"Louisiana,New Orleans",29.9759983,-90.0782127,191
"Louisiana,Baton Rouge",30.4494155,-91.1869659,191
"Louisiana,Lafayette",30.2043259,-92.0298813,191
"Louisiana,Shreveport",32.5135356,-93.7477839,118
"Maine,Portland",43.6592687,-70.2572642,197
"Maine,Bar Harbor",44.3876378,-68.2043361,287
"Maine,Acadia National Park",44.3561823,-68.23809541356238,287
"Maryland,Baltimore",39.2908816,-76.610759,88
"Maryland,Annapolis",38.9786401,-76.492786,88
"Maryland,Ocean City",38.3348728,-75.0847659,178
"Massachusetts,Boston",42.3554334,-71.060511,197
"Massachusetts,Cape Cod",41.7988074,-69.9960134711573,197
"Massachusetts,Salem",42.5195292,-70.8967226,197
"Michigan,Detroit",42.3315509,-83.0466403,36
"Michigan,Ann Arbor",42.2681569,-83.7312291,36
"Michigan,Traverse City",44.7606441,-85.6165301,336
"Michigan,Mackinac Island",45.8492045,-84.6196721,336
"Minnesota,Minneapolis",44.9772995,-93.2654692,215
"Minnesota,St. Paul",44.9497487,-93.0931028,215
"Minnesota,Duluth",46.7729322,-92.1251218,215
"Mississippi,Jackson",32.2998686,-90.1830408,191
"Mississippi,Biloxi",30.4007626,-88.8893818,191
"Mississippi,Natchez",31.5604076,-91.403171,191
"Missouri,St. Louis",38.6280278,-90.1910154,347
"Missouri,Kansas City",39.100105,-94.5781416,377
"Missouri,Branson",36.6411357,-93.2175285,162
"Montana,Helena",46.5927425,-112.036277,113
"Montana,Bozeman",45.6794293,-111.044047,113
"Montana,Glacier National Park",48.6174862,-113.76088505945765,278
"Nebraska,Omaha",41.2587459,-95.9383758,74
"Nebraska,Lincoln",40.8088861,-96.7077751,74
"Nebraska,Scottsbluff",41.862302,-103.6627088,23
"Nevada,Las Vegas",36.1672559,-115.148516,391
"Nevada,Reno",39.5261206,-119.8126581,53
"Nevada,Lake Tahoe",39.08854049999999,-120.05035277301698,53
"New Hampshire,Manchester",42.9956397,-71.4547891,197
"New Hampshire,Portsmouth",43.0702223,-70.7548621,197
"New Hampshire,White Mountains",43.7017232,-72.2896825,46
"New Jersey,Newark",40.735657,-74.1723667,178
"New Jersey,Atlantic City",39.3642852,-74.4229351,178
"New Jersey,Princeton",40.3492744,-74.6592958,178
"New Mexico,Santa Fe",35.6876096,-105.938456,224
"New Mexico,Albuquerque",35.212870949999996,-106.71324849574629,224
"New Mexico,Taos",36.4072377,-105.573284,224
"New York,New York City",40.7127281,-74.0060152,178
"New York,Buffalo",42.8867166,-78.8783922,107
"New York,Niagara Falls",43.08436,-79.0614686,107
"New York,Albany",42.6511674,-73.754968,46
"North Carolina,Raleigh",35.7803977,-78.6390989,88
"North Carolina,Charlotte",35.2272086,-80.8430827,312
"North Carolina,Asheville",35.595076,-82.5528478,312
"North Dakota,Bismarck",46.808327,-100.783739,228
"North Dakota,Fargo",46.877229,-96.789821,127
"North Dakota,Grand Forks",47.9078244,-97.0592028,127
"Ohio,Columbus",39.9622601,-83.0007065,36
"Ohio,Cleveland",41.4996574,-81.6936772,36
"Ohio,Cincinnati",39.1014537,-84.5124602,196
"Oklahoma,Oklahoma City",35.4729886,-97.5170536,237
"Oklahoma,Tulsa",36.1563122,-95.9927516,237
"Oklahoma,Norman",35.2225717,-97.4394816,237
"Oregon,Portland",45.5202471,-122.674194,180
"Oregon,Eugene",44.0505054,-123.0950506,180
"Oregon,Bend",44.0581728,-121.3153096,180
"Oregon,Salem",44.9391565,-123.033121,180
"Pennsylvania,Philadelphia",39.9527237,-75.1635262,178
"Pennsylvania,Pittsburgh",40.4416941,-79.9900861,370
"Pennsylvania,Hershey",40.2854881,-76.6506001,178
"Rhode Island,Providence",41.8239891,-71.4128343,197
"Rhode Island,Newport",41.5524614,-71.27037832834264,197
"South Carolina,Charleston",32.7884363,-79.9399309,227
"South Carolina,Columbia",38.889744050000004,-77.04086075512475,88
"South Carolina,Myrtle Beach",33.6956461,-78.8900409,227
"South Dakota,Pierre",44.3683644,-100.351136,228
"South Dakota,Rapid City",44.0806041,-103.2280239,399
"South Dakota,Mount Rushmore",43.8787301,-103.459193,399
"Tennessee,Nashville",36.1622767,-86.7742984,2
"Tennessee,Memphis",35.1460249,-90.0517638,380
"Tennessee,Knoxville",35.9603948,-83.9210261,312
"Texas,Houston",29.7589382,-95.3676974,259
"Texas,Dallas",32.7762719,-96.7968559,237
"Texas,Austin",30.2711286,-97.7436995,259
"Texas,San Antonio",29.4246002,-98.4951405,317
"Texas,Galveston",29.3056996,-94.7933252,259
"Utah,Salt Lake City",40.7596198,-111.886797,283
"Utah,Park City",40.6460921,-111.4979963,283
"Utah,Moab",38.5738096,-109.546214,374
"Vermont,Burlington",44.4761601,-73.212906,46
"Vermont,Stowe",44.4643768,-72.6856197,46
"Vermont,Woodstock",43.6247646,-72.5189791,46
"Virginia,Richmond",37.5385087,-77.43428,88
"Virginia,Virginia Beach",36.8529841,-75.9774183,88
"Virginia,Williamsburg",37.2708788,-76.7074042,88
"Washington,Seattle",47.6038321,-122.330062,66
"Washington,Spokane",47.6571934,-117.42351,218
"Washington,Olympic National Park",47.786532449999996,-123.53605033085455,66
"West Virginia,Charleston",38.3505995,-81.6332812,370
"West Virginia,Harpers Ferry",39.323418,-77.7319766,88
"West Virginia,Snowshoe",38.4128243,-79.9964421,370
"Wisconsin,Milwaukee",43.0349931,-87.922497,126
"Wisconsin,Madison",43.074761,-89.3837613,126
"Wisconsin,Green Bay",44.5126379,-88.0125794,126
"Wyoming,Cheyenne",41.139981,-104.820246,23
"Wyoming,Yellowstone National Park",44.6200885,-110.56068933143061,113
"Wyoming,Grand Teton National Park",43.81056675,-110.64879477714322,113
"Mexico,Mexico City",19.4326296,-99.1331785,52
"Mexico,Cancun",21.1617854,-86.8510468,77
"Mexico,Playa del Carmen",20.6308643,-87.0779503,77
"Mexico,Tulum",20.2152358,-87.42953531439221,77
"Mexico,Guadalajara",20.6720375,-103.338396,261
"Mexico,Puerto Vallarta",20.6407176,-105.220306,98
"Mexico,Oaxaca",17.0,-96.5,35
"Mexico,San Miguel de Allende",20.9142238,-100.743784,240
"Mexico,Mérida",20.9670759,-89.6237402,359
"Mexico,Puebla",18.833333,-98.0,264
"Mexico,Monterrey",25.6802019,-100.315258,388
"Mexico,Tijuana",32.5317397,-117.0195295,267
"Mexico,Querétaro",20.5927744,-100.3902245,240
"Mexico,San Cristóbal de las Casas",16.6835469,-92.61551841991157,284
"Mexico,Guanajuato",20.9876996,-101.0,240
"Mexico,Acapulco",16.8680495,-99.8940182,241
"Mexico,Cozumel",20.4317585,-86.92027456597663,77
"Mexico,Morelia",19.7027116,-101.1923818,240
"Mexico,Cabo San Lucas",22.8938884,-109.92006,217
"Mexico,Veracruz",19.333333,-96.666667,372
"Mexico,Chichen Itza",20.68285195,-88.5687196355205,77
"Mexico,Zacatecas",23.0823582,-103.20856984509811,383
"Mexico,Tepoztlán",18.991495899999997,-99.10254532724873,264
"Mexico,Xalapa",19.5408338,-96.9146374,372
"Mexico,Cuernavaca",18.9218274,-99.2342282,264
"Mexico,Ensenada",31.8658887,-116.602983,267
"Mexico,La Paz",19.36376855,-98.94631359855612,52
"Mexico,Culiacán",24.7978965,-107.393395,217
"Mexico,Tuxtla Gutiérrez",16.753801,-93.115959,284
"Mexico,Campeche",19.330194,-89.94351380117641,359
"Mexico,Manzanillo",19.127656950000002,-104.28412563007706,261
"Mexico,Chetumal",18.5145865,-88.3005528,194
"Mexico,Tampico",22.2157619,-97.8577713,52
"Mexico,Mazatlán",23.2313053,-106.4153144,217
"Mexico,Tepic",21.5119156,-104.8915889,98
"Mexico,Loreto",22.27393,-101.91255538611645,383
"Mexico,Huatulco",15.83133725,-96.31980130449259,35
"Mexico,San Luis Potosí",22.5000001,-100.4949145,240
"Mexico,Ixtapa-Zihuatanejo",17.6670868,-101.5906237,241
"Mexico,Saltillo",25.4230425,-100.9927509,388
"Mexico,Chihuahua",28.5000001,-106.0000001,49
"Mexico,Pachuca",20.1165413,-98.7413535,52
"Mexico,Ciudad Juárez",31.7372575,-106.4856559,49
"Mexico,Toluca",19.292545,-99.6569007,52
"Mexico,Colima",19.166667,-104.0,261
"Mexico,Ciudad Obregón",27.4846619,-109.9337782,288
"Mexico,Tlaxcala",19.416667,-98.166667,264
"Mexico,Matamoros",25.8810158,-97.5064866,12
"Mexico,Puerto Escondido",15.8693331,-97.0726428,35
"Mexico,Puerto Peñasco",31.530171799999998,-113.38971892127962,168
"Mexico,Reynosa",26.0907673,-98.2788191,12
"Mexico,San Juan del Río",16.8969181,-96.14738987188724,35
"Mexico,Santiago de Querétaro",20.5954708,-100.397059,240
"Mexico,Córdoba",18.9239425,-96.92778896252608,372
"Mexico,Puerto Morelos",20.848659,-86.876238,77
"Mexico,Tonala",20.6185208,-103.22273591034522,261
"Mexico,Sayulita",20.8689257,-105.4407022,98
"Mexico,Teotihuacan",19.69335705,-98.88312638220704,52
"Mexico,Chapala",20.279764450000002,-103.22035855623801,261
"Mexico,Ajijic",20.3001977,-103.261934,261
"Mexico,Villahermosa",18.0018152,-92.9330401483751,284
"Mexico,Tuxtla Chico",14.8768619,-92.19675245459757,122
"Mexico,San Felipe",31.0269529,-114.839607,168
"Mexico,San Pancho",26.986,-109.5428333,288
"Mexico,Bucerias",20.7555883,-105.3343517,98
"Mexico,Hermosillo",29.0948207,-110.9692202,288
"Mexico,Nogales",18.8346283,-97.20172780131207,372
"Mexico,Piedras Negras",28.6974528,-100.5334724,317
"Mexico,Santa Clara del Cobre",19.4062487,-101.6391737,240
"Mexico,Chignahuapan",19.8213915,-98.11775714603566,264
"Mexico,Bacalar",18.6782559,-88.3922556,194
"Mexico,Cosamaloapan de Carpio",18.28167395,-95.96435747268424,372
"Mexico,Cholula",24.4338097,-106.7024025,217
"Mexico,Calvillo",21.849624249999998,-102.71254273225466,383
"Mexico,Champotón",19.3439655,-90.7242742,359
"Mexico,Comala",19.39542235,-103.78396319508431,261
"Mexico,Cuautla",20.20360935,-104.48582666610042,98
"Mexico,Jerez de García Salinas",22.6494432,-102.9900276,383
"Mexico,Monte Escobedo",22.3798411,-103.47220071805769,383
"Mexico,San Felipe",31.0269529,-114.839607,168
"Mexico,Santiago Tuxtla",18.4054031,-95.39806613087211,372
"Mexico,Tecate",32.5653831,-116.6298787,267
"Mexico,Tilapa",18.61925745,-98.54994250074398,264
"Mexico,Zirándaro",18.32842225,-101.20359922590029,241
"Mexico,Ajuchitlán del Progreso",17.93149665,-100.61632521737542,241
"Mexico,Amatlán de los Reyes",18.87251165,-96.86857239686657,372
"Mexico,Aporo",19.6646637,-100.38342147757898,240
"Mexico,Atoyac de Álvarez",17.31055885,-100.34256978331763,241
"Mexico,El Carmen Tequexquitla",19.34074535,-97.66090260002014,264
"Mexico,Chamula",16.81708545,-92.67804754933945,284
"Mexico,Charo",19.6691789,-101.00321735715764,240
"Mexico,Chiautempan",19.28941395,-98.1172510547041,264
"Mexico,Ezequiel Montes",20.65290435,-99.90839037090646,240
"Mexico,General Heliodoro Castillo",17.720101200000002,-100.02321410273586,241
"Mexico,Hueyotlipan",19.479591749999997,-98.33013635475896,264
"Mexico,Ilamatlán",20.764350399999998,-98.42692655902545,52
"Mexico,Los Reyes de Juárez",18.9680836,-97.82373426955806,264
"Mexico,Mixquiahuala de Juarez",20.233502950000002,-99.15614225149776,52
"Mexico,Oluta",17.895933749999998,-94.90486831025073,284
"Mexico,Reforma de Pineda",16.3944065,-94.45483831411406,284
"Mexico,San Agustín Tlaxiaca",20.076172,-98.93349928785757,52
"Mexico,San Andrés Cholula",19.022046449999998,-98.28726612234529,264
"Mexico,San Cristóbal Amatlán",16.30254145,-96.37909495928633,35
"Mexico,San Diego de la Unión",21.455121,-100.86961581877816,240
"Mexico,San Jerónimo Zacualpan",19.24653105,-98.26276031035442,264
"Mexico,San Juan Bautista Coixtlahuaca",17.7282796,-97.25611312763789,35
"Mexico,San Juan Bautista Tuxtepec",18.05040725,-96.11441883995342,372
"Mexico,San Juan del Estado",17.33575835,-96.77358027580252,35
"Mexico,San Lorenzo Axocomanitla",19.223889,-98.248611,264
"Mexico,San Mateo Otzacatipan",19.3281558,-99.6041444,52
"Mexico,San Mateo Yoloxochitlán",18.14267315,-96.86915691109748,372
"Mexico,San Pablo Etla",17.155047,-96.74292056488522,35
"Mexico,San Pablo Huitzo",17.315291600000002,-96.860883416091,35
"Mexico,San Pablo Villa de Mitla",16.967562899999997,-96.31824662732504,35
"Mexico,San Sebastián Tutla",17.044504449999998,-96.67762182663978,35
"Mexico,San Simón Almolongas",16.412104300000003,-96.71854662873552,35
"Mexico,San Simón Zahuatlán",17.8368863,-97.99359124438809,264
"Mexico,Santa Ana Nopalucan",19.293448050000002,-98.32843278808961,264
"Mexico,Santa Catarina Ixtepeji",17.22189145,-96.58080732079526,35
"Mexico,Santa Cruz Tayata",17.376083649999998,-97.57792327094705,35
"Mexico,Santa Gertrudis",16.7764752,-96.78385965636053,35
"Mexico,Santa Inés del Monte",16.92234405,-96.8545214326983,35
"Mexico,Santa Lucía del Camino",17.067724050000002,-96.67343831493935,35
"Mexico,Santiago Ixtayutla",16.5296417,-97.69243833878318,35
"Mexico,Santiago Nacaltepec",17.5145653,-96.89453076646367,35
"Mexico,Santiago Suchilquitongo",17.2315835,-96.90587661379715,35
"Mexico,Tanetze de Zaragoza",17.38394245,-96.29561186257862,35
"Mexico,Tatahuicapan de Juárez",18.349350649999998,-94.7596409109509,284
"Mexico,Tepetlaoxtoc de Hidalgo",19.5733745,-98.818807,52
"Mexico,Tetepango",20.109307649999998,-99.15846553532597,52
"Mexico,Totolapan",18.99638405,-98.93154801150524,264
"Mexico,Xilitla",21.393526899999998,-99.0130347028807,52
"Mexico,Yaxcabá",20.4845653,-88.78673014588182,77
"Mexico,Zacualpan de Amilpas",18.7882257,-98.7680532,264
"Mexico,Zaragoza",17.94751565,-94.63510628023468,284
"Mexico,Zautla",19.713915,-97.67151000604267,264
"Mexico,Zempoala",19.92594405,-98.64334991998203,52
"Mexico,Zimatlán de Alvarez",16.87275355,-96.8013464156426,35
"Mexico,Zinapécuaro",19.856318100000003,-100.77090971298779,240
"Mexico,Zinaparo",20.17831275,-102.01145802073549,261
"Mexico,Zináparo",20.17831275,-102.01145802073549,261
"Mexico,Zináparo",20.17831275,-102.01145802073549,261
"Mexico,Zongolica",18.651829300000003,-96.94575038400772,372
"Mexico,Zoquiapan",20.0075809,-97.59687575187223,264
"Mexico,Zozocolco de Hidalgo",20.1306888,-97.55420351832379,264
"Mexico,Zumpahuacán",18.8085183,-99.56390223058108,52
"Mexico,Zumpango del Río",17.6503988,-99.5263596,241
"Canada,Quebec City",46.8137431,-71.2084061,46
"Canada,Halifax",44.648618,-63.5859487,185
"Canada,Charlottetown",46.234953,-63.132935,185
"Canada,Winnipeg",49.8955367,-97.1384584,127
"Canada,St. John's",47.5614705,-52.7126162,117
"Canada,Edmonton",53.5462055,-113.491241,278
"Canada,Saskatoon",52.131802,-106.660767,176
"Canada,Regina",50.44876,-104.61731,176
"Canada,Yellowknife",62.4540807,-114.377385,152
"Canada,Whitehorse",60.721571,-135.054932,82
"Canada,Iqaluit",63.7494671,-68.5218674,174
"Canada,Churchill",58.7693101,-94.1736843,137
"Canada,Jasper",52.8752336,-118.0824291,9
"Canada,Cape Breton Island",46.2950327,-60.93605535048172,185
"Canada,Prince Edward Island",46.503680700000004,-63.59541096896726,185
"Canada,Fundy National Park",45.61749225,-65.04513053633426,185
"Canada,Gros Morne National Park",49.63587635,-57.65346117055874,398
"Canada,Yoho National Park",51.374776350000005,-116.5358481785943,9
"Canada,Cabot Trail",46.4249746,-61.1038081,185
"Canada,Kluane National Park",60.6650331,-139.18986027169953,285
"Canada,Tofino",49.1529643,-125.9047083,66
"Canada,Gaspe Peninsula",48.6146774,-66.066572550089,18
"Canada,Algonquin Provincial Park",45.65713555,-78.49953864045284,369
"Canada,Fogo Island",49.6972997,-54.26124295214966,117
"Canada,Lake Louise",51.4249668,-116.177535,9
"Canada,Nahanni National Park",61.6885772,-126.25259697282515,210
"Canada,Drumheller",51.40159695,-112.61851667346612,278
"Canada,Saint John",45.278752,-66.058044,287
"Canada,Kelowna",49.8879177,-119.495902,218
"Canada,Whale Cove",62.1734234,-92.5863704,342
"Canada,Victoria Island",70.91949005000001,-111.19743465420532,105
"Canada,La Mauricie National Park",46.7302246,-72.8642465,46
"Canada,Banff",51.175076,-115.5720773,9
"Canada,Vancouver",49.2608724,-123.113952,66
"Canada,Toronto",43.6534817,-79.3839347,107
"Canada,Montreal",45.5031824,-73.5698065,46
"Canada,Niagara Falls",43.1065603,-79.0639039,107
"Canada,Whistler",50.1171903,-122.9543022,66
"Canada,Ottawa",45.4208777,-75.6901106,46
"Canada,Calgary",51.0456064,-114.0575418,278
"Canada,Hamilton",43.2560802,-79.8728583,107
"Canada,Kitchener",43.451291,-80.4927815,107
"Canada,London",42.9832406,-81.243372,36
"Canada,Markham",43.8563707,-79.3376825,107
"Canada,Mississauga",43.5896231,-79.6443879,107
"Canada,Oakville",43.447436,-79.666672,107
"Canada,Richmond Hill",43.8801166,-79.4392925,107
"Canada,Vaughan",43.7941544,-79.5268023,107
"Canada,Windsor",42.3167397,-83.0373389,36
"Canada,Burlington",43.3248924,-79.7966835,107
"Canada,Halton Hills",43.64701,-80.017604,107
"Canada,Milton",43.513671,-79.882817,107
"Canada,Barrie",44.3893113,-79.6901736,107
"Canada,Oshawa",43.8975558,-78.8635324,107
"Canada,Peterborough",44.3048009,-78.3199496,369
"Canada,Kingston",44.230687,-76.481323,369
"Canada,Sudbury",46.49272,-80.991211,369
"Canada,Thunder Bay",49.809661,-88.4811791,62
"Canada,Victoria",48.4283182,-123.3649533,66
"Canada,Saanich",48.4594315,-123.3764946,66
"Canada,Burnaby",49.2433804,-122.972545,66
"Canada,Richmond",49.163168,-123.137414,66
"Canada,New Westminster",49.2067726,-122.9108818,66
"Canada,Coquitlam",49.2842958,-122.793281,66
"Canada,Surrey",49.1913033,-122.849143,66
"Canada,Langley",49.1039289,-122.657047,66
"Canada,Abbotsford",49.0521162,-122.329479,66
"Canada,Nanaimo",49.163877,-123.938122,66
"Canada,Kamloops",50.6758269,-120.339415,66
"Canada,Prince George",53.9128645,-122.7453699,334
"Belize,Belize City",17.5000543,-88.2003115,194
"Belize,San Ignacio",17.1527588,-89.0761718,194
"Belize,Caye Caulker",17.73948765,-88.03367940679524,194
"Belize,Placencia",16.5156113,-88.3671785,194
"Costa Rica,San José",9.9325427,-84.0795782,318
"Costa Rica,La Fortuna (Arenal)",10.4620845,-84.7034096,318
"Costa Rica,Manuel Antonio",9.3898242,-84.14703535236221,318
"Costa Rica,Monteverde",10.291151450000001,-84.81364393886889,318
"Costa Rica,Tamarindo",10.2984121,-85.8399505,24
"Costa Rica,Puerto Viejo de Talamanca",9.65522645,-82.75549130765307,318
"Costa Rica,Guanacaste",10.378844050000001,-85.43382874573226,24
"El Salvador,San Salvador",13.6989939,-89.1914249,361
"El Salvador,Santa Ana",13.9947753,-89.5566069,361
"El Salvador,Juayúa",13.8432299,-89.7464716,361
"El Salvador,Ahuachapán",13.9234192,-89.8462907,361
"El Salvador,Suchitoto",13.9367228,-89.0259345,361
"Guatemala,Antigua Guatemala",14.5589875,-90.7333258,122
"Guatemala,Guatamala City",14.6222328,-90.5185188,122
"Guatemala,Lake Atitlán",14.68014625,-91.18616099752487,122
"Guatemala,Tikal",17.22081485,-89.61701648617823,194
"Guatemala,Semuc Champey",15.5337599,-89.9581105,122
"Honduras,Roatán",16.3274234,-86.53648145696454,194
"Honduras,Copán",14.89586845,-88.92557563162498,361
"Nicaragua,Granada",11.8108903,-85.9105976,24
"Nicaragua,Leon",12.619767,-86.5918195,24
"Nicaragua,Ometepe Island",11.498386400000001,-85.62553996271319,24
"Nicaragua,San Juan del Sur",11.2536716,-85.8709492,24
"Panama,Panama City",8.9714493,-79.5341802,163
"Panama,Casco Viejo",8.09764775,-80.98081545834984,163
"Panama,Bocas del Toro",9.3040623,-82.12848154978464,163
"Panama,San Blas Islands",9.5859171,-78.87882882917526,163
"Argentina,Buenos Aires",-34.6075682,-58.4370894,235
"Argentina,Bariloche",-41.1334421,-71.3098425,40
"Argentina,Mendoza",-34.787093049999996,-68.43818677312292,160
"Argentina,Iguazu Falls",-25.69253235,-54.44111443902037,75
"Argentina,Ushuaia",-54.806115899999995,-68.3184972880496,87
"Argentina,Cordoba",-31.4166867,-64.1834193,171
"Argentina,Salta",-25.1076701,-64.3494964,250
"Argentina,El Calafate",-50.3388712,-72.2720843,322
"Argentina,Rosario",-32.9595004,-60.6615415,235
"Argentina,Mar del Plata",-37.9977225,-57.5482703,235
"Bolivia,La Paz",-16.4955455,-68.1336229,258
"Bolivia,Salar de Uyuni",-20.2030284,-67.51649986663654,69
"Bolivia,Sucre",-19.0477251,-65.2594306,69
"Bolivia,Copacabana",-16.1657276,-69.0854397,258
"Bolivia,Potosi",-20.666667,-66.666667,69
"Bolivia,Tupiza",-21.4437717,-65.7208365,69
"Brazil,Rio de Janeiro",-22.9110137,-43.2093727,120
"Brazil,Sao Paulo",-23.5506507,-46.6333824,120
"Brazil,Salvador",-12.9822499,-38.4812772,274
"Brazil,Brasilia",-10.3333333,-53.2,142
"Brazil,Manaus",-3.1316333,-59.9825041,187
"Brazil,Fernando de Noronha",-3.8545643,-32.37861623300567,270
"Brazil,Iguazu Falls",-25.693905,-54.4365376,75
"Brazil,Florianopolis",-27.5973002,-48.5496098,352
"Brazil,Paraty",-23.2196461,-44.7154196,120
"Brazil,Recife",-8.0584933,-34.8848193,4
"Chile,Santiago",-33.4377756,-70.6504502,160
"Chile,Easter Island",-27.128500000000003,-109.33602969583333,68
"Chile,Valparaíso",-33.0458456,-71.6196749,160
"Chile,Puerto Varas",-41.317802,-72.9829073,343
"Chile,Punta Arenas",-53.1625688,-70.907822,87
"Chile,San Pedro de Atacama",-22.910832,-68.2001376,69
"Colombia,Bogota",4.6529539,-74.0835643,112
"Colombia,Cartagena",10.4266746,-75.5443419,271
"Colombia,Medellin",6.2443382,-75.573553,112
"Colombia,Santa Marta",11.2418783,-74.2129806,271
"Colombia,Cali",3.4520339,-76.5329352,348
"Colombia,Villa de Leyva",5.6619877,-73.52838010360202,112
"Ecuador,Quito",-0.2201641,-78.5123274,51
"Ecuador,Galapagos Islands",-0.62881505,-90.3638752022324,166
"Ecuador,Cuenca",-2.8974072,-79.0041726,51
"Ecuador,Baños",-1.33191575,-78.26252853850661,51
"Ecuador,Montañita",-0.19299,-79.272301,51
"Ecuador,Mindo",-0.0529382,-78.7746504,51
"Guyana,Kaieteur Falls",5.1749417,-59.4806521,189
"Guyana,Georgetown",6.8137426,-58.1624465,48
"Paraguay,Asunción",-25.2800459,-57.6343814,75
"Paraguay,Encarnación",-27.3376114,-55.8669492,75
"Paraguay,Ciudad del Este",-25.5169015,-54.6168645,75
"Peru,Lima",-12.0621065,-77.0365256,219
"Peru,Cusco",-13.5170887,-71.9785356,11
"Peru,Machu Picchu",-13.164421950000001,-72.54508510173372,11
"Peru,Arequipa",-16.0,-72.25,353
"Peru,Iquitos",-3.749365,-73.2444145,247
"Peru,Huacachina",-14.08759145,-75.76305532807018,366
"Peru,Trujillo",-8.1116778,-79.0287742,149
"Peru,Colca Canyon",-15.594596450000001,-72.04877704207595,353
"Peru,Chachapoyas",-6.3718272,-77.8093378,149
"Peru,Paracas National Reserve",-14.1232436,-76.26314999157373,366
"Peru,Tambopata National Reserve",-12.83843795,-69.18404100110604,351
"Suriname,Paramaribo",5.8247628,-55.1703941,48
"Uruguay,Montevideo",-34.9058916,-56.1913095,17
"Uruguay,Punta del Este",-34.9632342,-54.9439981,17
"Uruguay,Colonia del Sacramento",-34.4698592,-57.8433679,235
"Venezuela,Angel Falls",5.9687371,-62.5361456,189
"Venezuela,Los Roques",11.8382889,-66.6391165,100
"Venezuela,Margarita Island",11.0205596,-63.90739842745219,100
"Argentina,El Chalten",-49.32745235,-72.89498277021363,322
"Argentina,Salta",-25.1076701,-64.3494964,250
"Argentina,Tilcara",-23.5767908,-65.393396,250
"Argentina,Cafayate",-26.071047,-65.9800655,250
"Bolivia,Cochabamba",-17.401245799999998,-66.16756808852,258
"Brazil,Olinda",-7.9986401,-34.8459552,4
"Brazil,Lençóis Maranhenses National Park",-2.5392872000000004,-43.0169994,139
"Chile,Pucon",-39.273222,-71.9329968,40
"Chile,Chiloé Island",-42.5978086,-73.95911798522488,343
"Colombia,Guatape",6.2342179,-75.1617452,112
"Colombia,San Agustin",1.882076,-76.2728979,348
"Ecuador,Papallacta Hot Springs",-0.3697218,-78.148235,51
"Ecuador,Otavalo Market",0.2311052,-78.2686656,51
"Peru,Trujillo",-8.1116778,-79.0287742,149
"Peru,Colca Canyon",-15.594596450000001,-72.04877704207595,353
"Peru,Chachapoyas",-6.3718272,-77.8093378,149
"Peru,Paracas National Reserve",-14.1232436,-76.26314999157373,366
"Peru,Tambopata National Reserve",-12.83843795,-69.18404100110604,351
"Uruguay,Cabo Polonio",-34.4028524,-53.7825007,17
"Uruguay,Piriapolis",-34.8689037,-55.2724472,17
"Botswana,Gaborone",-24.6581357,25.9088474,208
"Botswana,Maun",-19.9860951,23.4224352,179
"Botswana,Kasane",-17.799239,25.156546,253
"Cape Verde,Praia",14.9162811,-23.5095095,26
"Cape Verde,Sal",16.720455649999998,-22.938676127026316,26
"Cape Verde,Boa Vista",16.099508999999998,-22.800941096303617,26
"Cape Verde,Mindelo",16.8874145,-24.9863842,26
"Egypt,Cairo",30.0443879,31.2357257,186
"Egypt,Sharm El Sheikh",27.8644422,34.295447,79
"Egypt,Luxor",25.702096,32.647186,257
"Egypt,Aswan",24.091071,32.897306,257
"Egypt,Alexandria",31.1991806,29.8951716,186
"Egypt,Hurghada",27.222556,33.8307062,79
"Ghana,Accra",5.5571096,-0.2012376,44
"Ghana,Kumasi",6.6985605,-1.6233086,44
"Ghana,Cape Coast",5.107467,-1.2430793,44
"Ghana,Takoradi",4.887401,-1.7519316,44
"Ghana,Elmina",5.085879,-1.350578,44
"Ghana,Ada Foah",5.781638,0.633197,44
"Kenya,Nairobi",-1.2832533,36.8172449,47
"Kenya,Mombasa",-4.05052,39.667169,148
"Kenya,Lamu",-2.2675396,40.9010641,148
"Kenya,Nakuru",-0.2802724,36.0712048,47
"Kenya,Masai Mara National Reserve",-1.4917621,35.17203905168901,47
"Kenya,Amboseli National Park",-2.64114165,37.235323285492115,47
"Mauritius,Port Louis",-20.1624522,57.5028044,73
"Mauritius,Grand Baie",-20.0130199,57.584627,73
"Mauritius,Flic en Flac",-20.2789702,57.36914,73
"Mauritius,Le Morne",-20.4684533,57.3451065,73
"Morocco,Marrakech",31.6258257,-7.9891608,156
"Morocco,Casablanca",33.5945144,-7.6200284,156
"Morocco,Fes",34.0346534,-5.0161926,25
"Morocco,Rabat",34.02236,-6.8340222,156
"Morocco,Essaouira",31.5118281,-9.7620903,156
"Morocco,Tangier",35.7774341,-5.8032309,25
"Namibia, Windhoek",-22.5776104,17.0772739,249
"Namibia, Swakopmund",-22.6767841,14.5313988,249
"Namibia, Walvis Bay",-22.9557607,14.5071125,249
"Namibia, Etosha National Park",-18.99133055,15.746055058947679,97
"Rwanda,Kigali",-1.950851,30.061507,184
"Rwanda,Volcanoes National Park",-1.4640233999999999,29.493194941096352,184
"Rwanda,Akagera National Park",-1.6430674,30.742545966270775,184
"Senegal,Dakar",14.693425,-17.447938,154
"Senegal,Saint-Louis",16.1876131,-15.2954502,154
"Senegal,Ziguinchor",12.5634929,-16.2724609,154
"Seychelles,Victoria",-4.6232085,55.452359,30
"Seychelles,Praslin",-4.3250708499999995,55.73560817266318,30
"Seychelles,La Digue",-4.36019285,55.83849332890574,30
"South Africa,Cape Town",-33.928992,18.417396,54
"South Africa,Johannesburg",-26.205,28.049722,208
"South Africa,Durban",-29.861825,31.009909,93
"South Africa,Port Elizabeth",-33.9618359,25.6186512,223
"South Africa,Pretoria",-25.7459277,28.1879101,208
"South Africa,Stellenbosch",-33.934444,18.869167,54
"Tanzania,Dar es Salaam",-6.8160837,39.2803583,397
"Tanzania,Arusha",-2.7170632,35.6812537,47
"Tanzania,Zanzibar City",-6.1664908,39.2074312,397
"Tanzania,Serengeti National Park",-2.3712909499999997,34.69838278510568,47
"Tanzania,Kilimanjaro National Park",-3.0744166,37.31858266688663,47
"Tunisia,Tunis",33.8439408,9.400138,205
"Tunisia,Sousse",35.8288175,10.6405392,205
"Tunisia,Djerba",33.7734818,10.886041577050904,205
"Tunisia,Tozeur",33.984410499999996,8.07113085067842,205
"Uganda,Kampala",0.3177137,32.5813539,226
"Uganda,Jinja",0.57515665,33.28052985775423,226
"Uganda,Bwindi Impenetrable National Park",-1.0037558999999998,29.64877460901276,184
"Uganda,Murchison Falls National Park",2.2647197500000003,31.89672315957589,226
"Zambia,Lusaka",-15.4163395,28.2818414,10
"Zambia,Livingstone",-17.853135,25.861429,253
"Zambia,Victoria Falls",-17.9253429,25.8613121,253
"Zimbabwe,Harare",-17.831773,31.045686,10
"Zimbabwe,Victoria Falls",-17.9229035,25.8490239,253
"Zimbabwe,Hwange National Park",-19.1890212,26.74006097543517,253
"Australia,Sydney",-33.8698439,151.2082848,238
"Australia,Melbourne",-37.8142454,144.9631732,306
"Australia,Brisbane",-27.4689682,153.0234991,65
"Australia,Cairns",-16.9206657,145.7721854,134
"Australia,Great Barrier Reef",-16.35,145.9,134
"Australia,Ayers Rock (Uluru)",-25.3455545,131.03696147470208,90
"Australia,Perth",-31.9558933,115.8605855,123
"Australia,Adelaide",-34.9281805,138.5999312,28
"Australia,Hobart",-42.8825088,147.3281233,150
"Australia,Whitsunday Islands",-20.11890235,148.91342877943038,355
"Australia,Fraser Island",-25.2473125,153.1466943623409,65
"Australia,Kangaroo Island",-35.8182635,137.15661254022396,28
"Fiji,Nadi",-17.7992725,177.4178549,129
"Fiji,Denarau Island",-17.7753245,177.37776444335395,129
"Fiji,Yasawa Islands",-17.2909471,177.12578580330327,129
"Fiji,Mamanuca Islands",-17.7495601,177.1706455035983,129
"Fiji,Taveuni",-16.8261493,-179.9354607,309
"French Polynesia,Tahiti",-17.68734395,-149.44516811423745,280
"French Polynesia,Bora Bora",-16.504346650000002,-151.73668863927236,345
"French Polynesia,Moorea",-17.533306000000003,-149.83860061183017,280
"French Polynesia,Rangiroa",-15.122446100000001,-147.54620895959283,33
"French Polynesia,Tuamotu Islands",-16.754297,-144.2070166,33
"French Polynesia,Huahine",-16.72858845,-151.01346965159058,345
"French Polynesia,Taha'a",-16.63083485,-151.50391586630633,345
"New Caledonia,Noumea",-22.2745264,166.442419,211
"New Caledonia,Lifou",-20.9328607,167.16578476651785,211
"New Caledonia,Ouvea",-20.40843955,166.5363795991953,211
"New Caledonia,Isle of Pines",-22.605045,167.4686190590906,211
"Samoa,Apia",-13.8344639,-171.7649144,203
"Samoa,Upolu",-13.920934899999999,-171.77557644924678,203
"Tonga,Nuku'alofa",-21.1343401,-175.201808,146
"Tonga,Tongatapu",-21.1678253,-175.27386910577957,146
"Tonga,Vava'u",-18.62315975,-174.00203980987774,146
"Tonga,Ha'apai",-20.545003,-175.390702,146
"Vanuatu,Port Vila",-17.7414972,168.3150163,7
"Vanuatu,Efate",-17.6739005,168.3648386132254,7
"Vanuatu,Tanna Island",-19.48577845,169.33450144830016,7
"Vanuatu,Espiritu Santo",-15.156341050000002,167.05107047173001,7
"Vanuatu,Ambrym Island",-16.23479495,168.0655645121879,7
"Cook Islands,Rarotonga",-21.236831199999997,-159.77747437744517,85
"Cook Islands,Aitutaki",-18.88837815,-159.7831878170802,85
"Cook Islands,Atiu",-19.9971776,-158.11291170586736,85
"Cook Islands,Mangaia",-21.92499155,-157.92128408070093,85
"Kiribati,Tarawa",1.4845541999999998,172.96896482000938,170
"Kiribati,Kiritimati (Christmas Island)",1.9523589,-157.3689044,81
"Kiribati,Fanning Island",3.8717155500000002,-159.31176600565215,81
"Palau,Koror",7.343275,134.4766767,45
"Palau,Peleliu",6.8996561,134.33699348576476,45
"Palau,Jellyfish Lake",7.1612647,134.37642608734967,45
"Tuvalu,Funafuti",-8.5199633,179.1982548,70
"Tuvalu,Nanumea",-5.6817338,176.12717870115847,363
"Tuvalu,Fongafale (Funafuti)",-8.5179667,179.1984411917939,70
"Wallis and Futuna,Mata-Utu",-13.2820419,-176.1740224,5
"Wallis and Futuna,Wallis Island",-13.2846405,-176.20665679493294,5
"Wallis and Futuna,Futuna Island",-13.2846405,-176.20665679493294,5
"Moldova,Chisinau",47.0245117,28.8322923,125
"Moldova,Orhei",47.3782288,28.8246754,125
"Moldova,Cricova",47.1360745,28.86461215570815,125
"Romania,Bucharest",44.4361414,26.1027202,286
"Romania,Brasov",45.6525105,25.6105654,286
"Romania,Sibiu",45.7973912,24.1519202,286
"Romania,Cluj-Napoca",46.769379,23.5899542,286
"Romania,Timisoara",45.7538355,21.2257474,243
"Romania,Iasi",47.1615416,27.5837224,125
"Serbia,Belgrade",44.8178131,20.4568974,243
"Serbia,Novi Sad",45.2551338,19.8451756,243
"Serbia,Nis",43.3211301,21.8959232,357
"Serbia,Kragujevac",44.0130251,20.91925,243
"Bosnia and Herzegovina,Sarajevo",43.8519774,18.3866868,58
"Bosnia and Herzegovina,Mostar",43.3435855,17.8076584,58
"Bosnia and Herzegovina,Banja Luka",44.7720845,17.1917651,221
"Bosnia and Herzegovina,Trebinje",42.7098295,18.3457261,58
"Belarus,Minsk",53.9024716,27.5618225,381
"Belarus,Brest",52.093751,23.6851851,350
"Belarus,Grodno",53.6834599,23.8342648,198
"Belarus,Vitebsk",55.1930197,30.2070437,381
"Ukraine,Kiev",50.4500336,30.5241361,376
"Ukraine,Lviv",49.841952,24.0315921,350
"Ukraine,Odessa",46.4843023,30.7322878,125
"Ukraine,Kharkiv",49.9923181,36.2310146,201
"Ukraine,Dnipro",48.4680221,35.0417711,201
"Montenegro,Podgorica",42.4415238,19.2621081,58
"Montenegro,Kotor",42.4248515,18.7710437,58
"Montenegro,Budva",42.2885656,18.8419505,58
"Montenegro,Herceg Novi",42.4517622,18.5367516,58
"Kosovo,Pristina",42.6638771,21.1640849,357
"Kosovo,Prizren",42.2130151,20.7363339,357
"Albania,Tirana",41.3281482,19.8184435,362
"Albania,Berat",40.7018636,19.9580758,362
"Albania,Gjirokaster",40.0770871,20.1393359,362
"Albania,Saranda",39.8752198,20.0065258,362
"North Macedonia,Skopje",41.9961816,21.4319213,357
"North Macedonia,Ohrid",41.1170203,20.8017387,362
"Iceland,Reykjavik",64.145981,-21.9422367,109
"Mongolia,Ulaanbaatar",47.9184676,106.9177016,279
"Mongolia,Kharkhorin",47.192824,102.8202229,365
"Mongolia,Terelj National Park",47.88843165,107.42282204872885,279
"Mongolia,Gobi Desert",43.0,107.0,60
"Mongolia,Lake Khuvsgul",51.02045005,100.47856573133994,173
"Russia,Moscow",55.7504461,37.6174943,395
"Russia,Saint Petersburg",59.938732,30.316229,159
"Russia,Kazan",55.7823547,49.1242266,364
"Russia,Sochi",43.5854823,39.723109,80
"Russia,Vladivostok",43.1150678,131.8855768,256
"Russia,Yekaterinburg",56.839104,60.60825,29
"Russia,Novosibirsk",55.0288307,82.9226887,204
"Russia,Krasnoyarsk",56.0090968,92.8725147,206
"Russia,Kaliningrad",54.710128,20.5105838,255
"Russia,Nizhny Novgorod",56.3264816,44.0051395,396
"Russia,Volgograd",48.7081906,44.5153353,239
"Russia,Samara",53.198627,50.113987,155
"Russia,Rostov-on-Don",47.2216548,39.7096061,80
"Russia,Ufa",54.7261409,55.947499,339
"Russia,Krasnodar",45.7684014,39.0261044,80
"Russia,Irkutsk",56.6370122,104.719221,84
"Russia,Yaroslavl",57.6263877,39.8933705,59
"Russia,Khabarovsk",51.6312684,136.121524,212
"Russia,Suzdal",56.4193908,40.4487893,59
"Russia,Veliky Novgorod",58.5209862,31.2757862,159
"Russia,Tomsk",58.6124279,82.0475315,204
"Russia,Kazan",55.7823547,49.1242266,364
"Russia,Kamchatka Peninsula",55.8680319,158.8025311585243,91
"Russia,Lake Baikal",53.61674335,108.13072518745162,335
"Russia,Golden Ring",55.7451946,37.58052533706914,395
"Russia,Siberian Federal District",65.2729258,95.48990318530036,145
"Russia,Kizhi Island",62.08482805,35.211707659202176,299
"Russia,Trans-Siberian Railway",43.1123395,131.882225,256
"Russia,Mount Elbrus",43.3524068,42.4378774,378
